user_id,name,email,project,role,rbac_role,skills,bio,availability_status,timezone,working_hours_start,working_hours_end
u001,Trần Văn Hùng,hung.tranvan@setafutureorg.onmicrosoft.com,SETA Internal,CTO,org.admin,"AWS,System Design,DevOps,Engineering Leadership",Engineering executive guiding platform strategy across teams.,available,Asia/Ho_Chi_Minh,09:00,18:00
u002,Nguyễn Văn Nam,nam.nguyenvan@setafutureorg.onmicrosoft.com,SETA Internal,IT Engineer,planner.contributor,"AWS,Kubernetes,Terraform,Linux,Monitoring,Security","Operates internal infra: Linux, Kubernetes, AWS.",available,Asia/Ho_Chi_Minh,08:30,17:30
u003,Lê Thị Hoa,hoa.lethi@setafutureorg.onmicrosoft.com,SETA Internal,IT Engineer,planner.contributor,"AWS,Kubernetes,Linux,Docker","Operates internal infra: Linux, Kubernetes, AWS.",available,Asia/Ho_Chi_Minh,10:00,19:00
u004,Phạm Quốc Bảo,bao.phamquoc@setafutureorg.onmicrosoft.com,Client Atlas,Backend Developer,planner.contributor,"Node.js,PostgreSQL,Docker,Kafka",Backend Developer on the SETA Future team.,available,Asia/Ho_Chi_Minh,09:00,17:30
u005,Vũ Minh Tuấn,tuan.vuminh@setafutureorg.onmicrosoft.com,SETA Internal,Backend Developer,planner.contributor,"AWS,Docker,Linux,PostgreSQL",Backend Developer on the SETA Future team.,available,Asia/Ho_Chi_Minh,08:00,17:00
u007,Vũ Bích Ngọc,ngoc.vubich@setafutureorg.onmicrosoft.com,SETA Internal,IT Support,planner.viewer,"AWS,Linux,Docker",First line of internal IT support.,available,Asia/Ho_Chi_Minh,09:00,18:00
u008,Bùi Trung Hiếu,hieu.buitrung@setafutureorg.onmicrosoft.com,Client Beta,IT Engineer,planner.contributor,"AWS,Kubernetes,Terraform,Security","Operates internal infra: Linux, Kubernetes, AWS.",available,Asia/Ho_Chi_Minh,08:30,17:30
u009,Đỗ Mỹ Linh,linh.domy@setafutureorg.onmicrosoft.com,SETA Internal,PM,planner.contributor,,PM on the SETA Future team.,available,Asia/Ho_Chi_Minh,10:00,19:00
u010,Bùi Hoàng Long,long.buihoang@setafutureorg.onmicrosoft.com,SETA Internal,IT Engineer,planner.contributor,"AWS,Kubernetes,Linux,Docker","Operates internal infra: Linux, Kubernetes, AWS.",available,Asia/Ho_Chi_Minh,09:00,17:30
u011,Trần Hồng Anh,anh.tranhong@setafutureorg.onmicrosoft.com,SETA Internal,IT Engineer,planner.contributor,"Linux,Monitoring,Docker","Operates internal infra: Linux, Kubernetes, AWS.",available,Asia/Ho_Chi_Minh,08:00,17:00
u012,Lê Quang Vinh,vinh.lequang@setafutureorg.onmicrosoft.com,,Junior Developer,planner.contributor,"JavaScript,HTML,CSS",Early-career engineer working across the stack.,available,Asia/Ho_Chi_Minh,09:00,18:00
u013,Đinh Thanh Mai,mai.dinhthanh@setafutureorg.onmicrosoft.com,SETA Internal,,planner.viewer,"DevOps,AI",Member of the SETA Future team.,available,Asia/Ho_Chi_Minh,08:30,17:30
u014,Phạm Lan Anh,anh.phamlan@setafutureorg.onmicrosoft.com,Client Atlas,Data Scientist,planner.contributor,"ML,NLP,Spark,Kafka",Turns raw data into insights and model prototypes.,available,Asia/Ho_Chi_Minh,10:00,19:00
u015,Lý Minh Hoàng,hoang.lyminh@setafutureorg.onmicrosoft.com,SETA Internal,Software Engineer,planner.contributor,"k8s,ts,postgres,OOP",Full-stack engineer working across services and UI.,available,Asia/Ho_Chi_Minh,09:00,17:30
u016,Trần Trung Nam,nam.trantrung@setafutureorg.onmicrosoft.com,Client Beta,CEO,org.admin,"Digital Transformation,Leadership,Business Strategy,Stakeholder Management,OOP",Leads the company strategy and stakeholder relationships.,available,Asia/Ho_Chi_Minh,08:00,17:00
u017,Trương Hữu Hùng,hung.truonghuu@setafutureorg.onmicrosoft.com,Client Nova,CDO,org.admin,"AI,NLP,ML,Data Engineering,Python",Drives data and AI strategy across business units.,available,Asia/Singapore,09:00,18:00
u018,Vũ Hoàng Huy,huy.vuhoang@setafutureorg.onmicrosoft.com,Client Atlas,VP Engineering,org.admin,"DevOps,Stakeholder Management,AWS,System Design,Engineering Leadership","Heads engineering, focused on delivery health and talent growth.",available,Asia/Singapore,08:30,17:30
u019,Bùi Thị Huy,huy.buithi@setafutureorg.onmicrosoft.com,Client Helios,Engineering Manager,planner.admin,"Engineering Leadership,Estimation,Agile,Risk Management,Stakeholder Management",People manager partnering with product to ship reliably.,available,Asia/Singapore,10:00,19:00
u020,Phan Hoàng Giang,giang.phanhoang@setafutureorg.onmicrosoft.com,Client Atlas,Engineering Manager,planner.admin,"Risk Management,Agile,Estimation,Engineering Leadership,Stakeholder Management",People manager partnering with product to ship reliably.,available,Europe/London,09:00,17:30
u021,Phạm Trung Bình,binh.phamtrung@setafutureorg.onmicrosoft.com,R&D,Engineering Manager,planner.admin,"Agile,Engineering Leadership,Risk Management,Stakeholder Management,Estimation",People manager partnering with product to ship reliably.,available,America/New_York,08:00,17:00
u022,Lý Thị Bình,binh.lythi@setafutureorg.onmicrosoft.com,SETA Internal,Engineering Manager,planner.admin,"Stakeholder Management,Agile,Estimation,Engineering Leadership,Risk Management",People manager partnering with product to ship reliably.,busy,Asia/Ho_Chi_Minh,09:00,18:00
u023,Bùi Văn Nam,nam.buivan@setafutureorg.onmicrosoft.com,Client Atlas,Engineering Manager,planner.admin,"Agile,Estimation,Engineering Leadership,Stakeholder Management,Risk Management",People manager partnering with product to ship reliably.,busy,Asia/Ho_Chi_Minh,08:30,17:30
u024,Đặng Thị Tuấn,tuan.dangthi@setafutureorg.onmicrosoft.com,Client Nova,Engineering Manager,planner.admin,"Estimation,Engineering Leadership,Stakeholder Management,Risk Management,Agile",People manager partnering with product to ship reliably.,busy,Asia/Ho_Chi_Minh,10:00,19:00
u025,Phạm Hữu Đức,duc.phamhuu@setafutureorg.onmicrosoft.com,Client Atlas,Engineering Manager,planner.admin,"Engineering Leadership,Estimation,Agile,Risk Management,Stakeholder Management",People manager partnering with product to ship reliably.,ooo,Asia/Ho_Chi_Minh,09:00,17:30
u026,Bùi Hoàng Đức,duc.buihoang@setafutureorg.onmicrosoft.com,R&D,Tech Lead,planner.admin,"Engineering Leadership,PostgreSQL,React,TypeScript,Node.js",Senior IC steering architecture and mentoring engineers.,ooo,Asia/Ho_Chi_Minh,08:00,17:00
u027,Trương Đình Nam,nam.truongdinh@setafutureorg.onmicrosoft.com,,Tech Lead,planner.admin,"Node.js,System Design,TypeScript,Engineering Leadership",Senior IC steering architecture and mentoring engineers.,available,Asia/Ho_Chi_Minh,09:00,18:00
u028,Đặng Hữu Huy,huy.danghuu@setafutureorg.onmicrosoft.com,,Tech Lead,planner.admin,"System Design,Engineering Leadership,React,node",Senior IC steering architecture and mentoring engineers.,available,Asia/Ho_Chi_Minh,08:30,17:30
u029,Đỗ Quốc Sơn,son.doquoc@setafutureorg.onmicrosoft.com,R&D,Tech Lead,planner.admin,"Node.js,TypeScript,System Design,Engineering Leadership,PostgreSQL",Senior IC steering architecture and mentoring engineers.,available,Asia/Ho_Chi_Minh,10:00,19:00
u030,Lê Hữu Yến,yen.lehuu@setafutureorg.onmicrosoft.com,Client Nova,Tech Lead,planner.admin,"TypeScript,PostgreSQL,React,Node.js,System Design",Senior IC steering architecture and mentoring engineers.,available,Asia/Ho_Chi_Minh,09:00,17:30
u031,Phạm Đình Chi,chi.phamdinh@setafutureorg.onmicrosoft.com,R&D,Tech Lead,planner.admin,"Engineering Leadership,PostgreSQL,TypeScript,System Design",Senior IC steering architecture and mentoring engineers.,available,Asia/Ho_Chi_Minh,08:00,17:00
u032,Tô Đình Dũng,dung.todinh@setafutureorg.onmicrosoft.com,Client Helios,Tech Lead,planner.admin,"Node.js,React,TypeScript,PostgreSQL,System Design",Senior IC steering architecture and mentoring engineers.,available,Asia/Ho_Chi_Minh,09:00,18:00
u033,Tô Văn Quân,quan.tovan@setafutureorg.onmicrosoft.com,Client Helios,Tech Lead,planner.admin,"React,System Design,Node.js,PostgreSQL",Senior IC steering architecture and mentoring engineers.,available,Asia/Ho_Chi_Minh,08:30,17:30
u034,Ngô Hoàng Mai,mai.ngohoang@setafutureorg.onmicrosoft.com,SETA Internal,Software Architect,planner.admin,"gRPC,Kubernetes,AWS,System Design",Designs distributed systems and platform foundations.,available,Asia/Ho_Chi_Minh,10:00,19:00
u035,Hồ Hoàng Quân,quan.hohoang@setafutureorg.onmicrosoft.com,Client Beta,Software Architect,planner.admin,"AWS,gRPC,Engineering Leadership,PostgreSQL,System Design",Designs distributed systems and platform foundations.,available,Asia/Ho_Chi_Minh,09:00,17:30
u036,Trần Đình Cường,cuong.trandinh@setafutureorg.onmicrosoft.com,SETA Internal,Software Architect,planner.admin,"AWS,Engineering Leadership,gRPC,System Design,pg",Designs distributed systems and platform foundations.,available,Asia/Ho_Chi_Minh,08:00,17:00
u037,Đỗ Quốc Anh,anh.doquoc@setafutureorg.onmicrosoft.com,R&D,Software Architect,planner.admin,"PostgreSQL,System Design,Engineering Leadership,AWS",Designs distributed systems and platform foundations.,available,Asia/Singapore,09:00,18:00
u038,Bùi Thị Minh,minh.buithi@setafutureorg.onmicrosoft.com,Client Atlas,Junior Frontend Developer,planner.contributor,"js,HTML,CSS",Early-career frontend engineer learning the design system.,available,Asia/Singapore,08:30,17:30
u039,Hoàng Văn Hiếu,hieu.hoangvan@setafutureorg.onmicrosoft.com,Client Beta,Junior Frontend Developer,planner.contributor,"React,CSS,JavaScript",Early-career frontend engineer learning the design system.,available,Asia/Singapore,10:00,19:00
u040,Vũ Quốc Châu,chau.vuquoc@setafutureorg.onmicrosoft.com,Client Atlas,Junior Frontend Developer,planner.contributor,"HTML,js",Early-career frontend engineer learning the design system.,available,Europe/London,09:00,17:30
u041,Phạm Hoàng Bảo,bao.phamhoang@setafutureorg.onmicrosoft.com,Client Atlas,Junior Frontend Developer,planner.contributor,"HTML,CSS,JavaScript",Early-career frontend engineer learning the design system.,available,America/New_York,08:00,17:00
u042,Nguyễn Đình Quân,quan.nguyendinh@setafutureorg.onmicrosoft.com,Client Atlas,Junior Frontend Developer,planner.contributor,"JavaScript,React,HTML",Early-career frontend engineer learning the design system.,available,Asia/Ho_Chi_Minh,09:00,18:00
u043,Bùi Văn Bình,binh.buivan@setafutureorg.onmicrosoft.com,Client Beta,Junior Frontend Developer,planner.contributor,"CSS,React,JavaScript",Early-career frontend engineer learning the design system.,available,Asia/Ho_Chi_Minh,08:30,17:30
u044,Trương Thị Dũng,dung.truongthi@setafutureorg.onmicrosoft.com,Client Atlas,Junior Frontend Developer,planner.contributor,"HTML,js,CSS",Early-career frontend engineer learning the design system.,available,Asia/Ho_Chi_Minh,10:00,19:00
u045,Mai Trung Hồng,hong.maitrung@setafutureorg.onmicrosoft.com,Client Atlas,Junior Frontend Developer,planner.contributor,"HTML,JavaScript",Early-career frontend engineer learning the design system.,available,Asia/Ho_Chi_Minh,09:00,17:30
u046,Phạm Thị Huy,huy.phamthi@setafutureorg.onmicrosoft.com,Client Atlas,Junior Frontend Developer,planner.contributor,"JavaScript,HTML",Early-career frontend engineer learning the design system.,available,Asia/Ho_Chi_Minh,08:00,17:00
u047,Hoàng Ngọc Tâm,tam.hoangngoc@setafutureorg.onmicrosoft.com,R&D,Junior Frontend Developer,planner.contributor,"HTML,JavaScript,CSS",Early-career frontend engineer learning the design system.,busy,Asia/Ho_Chi_Minh,09:00,18:00
u048,Hồ Quốc Phương,phuong.hoquoc@setafutureorg.onmicrosoft.com,R&D,Junior Frontend Developer,planner.contributor,"React,js",Early-career frontend engineer learning the design system.,busy,Asia/Ho_Chi_Minh,08:30,17:30
u049,Dương Quốc Dũng,dung.duongquoc@setafutureorg.onmicrosoft.com,Client Beta,Junior Frontend Developer,planner.contributor,"JavaScript,CSS,HTML",Early-career frontend engineer learning the design system.,busy,Asia/Ho_Chi_Minh,10:00,19:00
u050,Đinh Hữu Khánh,khanh.dinhhuu@setafutureorg.onmicrosoft.com,,Junior Frontend Developer,planner.contributor,"HTML,CSS",Early-career frontend engineer learning the design system.,ooo,Asia/Ho_Chi_Minh,09:00,17:30
u051,Trương Hoàng Bảo,bao.truonghoang@setafutureorg.onmicrosoft.com,Client Beta,Junior Frontend Developer,planner.contributor,"JavaScript,HTML,React",Early-career frontend engineer learning the design system.,ooo,Asia/Ho_Chi_Minh,08:00,17:00
u052,Ngô Văn Hiếu,hieu.ngovan@setafutureorg.onmicrosoft.com,Client Nova,Mid Frontend Developer,planner.contributor,"js,React,Next.js,Cypress",Builds production UI features in React and Next.js.,available,Asia/Ho_Chi_Minh,09:00,18:00
u053,Trần Thị Quân,quan.tranthi@setafutureorg.onmicrosoft.com,SETA Internal,Mid Frontend Developer,planner.contributor,"React,JavaScript,Next.js,Cypress,TypeScript",Builds production UI features in React and Next.js.,available,Asia/Ho_Chi_Minh,08:30,17:30
u054,Đỗ Trung Phương,phuong.dotrung@setafutureorg.onmicrosoft.com,SETA Internal,Mid Frontend Developer,planner.contributor,"JavaScript,Next.js,TypeScript,Cypress,React",Builds production UI features in React and Next.js.,available,Asia/Ho_Chi_Minh,10:00,19:00
u055,Phan Hoàng Anh,anh.phanhoang@setafutureorg.onmicrosoft.com,Client Atlas,Mid Frontend Developer,planner.contributor,"JavaScript,TypeScript,Next.js,Cypress",Builds production UI features in React and Next.js.,available,Asia/Ho_Chi_Minh,09:00,17:30
u056,Lý Hoàng Lan,lan.lyhoang@setafutureorg.onmicrosoft.com,Client Beta,Mid Frontend Developer,planner.contributor,"TypeScript,React,Cypress,JavaScript",Builds production UI features in React and Next.js.,available,Asia/Ho_Chi_Minh,08:00,17:00
u057,Mai Quốc Tâm,tam.maiquoc@setafutureorg.onmicrosoft.com,Client Helios,Mid Frontend Developer,planner.contributor,"TypeScript,Cypress,js,React,Next.js",Builds production UI features in React and Next.js.,available,Asia/Singapore,09:00,18:00
u058,Hoàng Hoàng Hiếu,hieu.hoanghoang@setafutureorg.onmicrosoft.com,Client Atlas,Mid Frontend Developer,planner.contributor,"React,Cypress,JavaScript,Next.js",Builds production UI features in React and Next.js.,available,Asia/Singapore,08:30,17:30
u059,Cao Hữu Phương,phuong.caohuu@setafutureorg.onmicrosoft.com,Client Nova,Mid Frontend Developer,planner.contributor,"React,TypeScript,Next.js,Cypress",Builds production UI features in React and Next.js.,available,Asia/Singapore,10:00,19:00
u060,Đoàn Đình Cường,cuong.doandinh@setafutureorg.onmicrosoft.com,Client Beta,Mid Frontend Developer,planner.contributor,"TypeScript,Cypress,React,JavaScript",Builds production UI features in React and Next.js.,available,Europe/London,09:00,17:30
u061,Nguyễn Trung Giang,giang.nguyentrung@setafutureorg.onmicrosoft.com,SETA Internal,Mid Frontend Developer,planner.contributor,"Cypress,js,Next.js,React",Builds production UI features in React and Next.js.,available,America/New_York,08:00,17:00
u062,Phan Quốc Bình,binh.phanquoc@setafutureorg.onmicrosoft.com,R&D,Mid Frontend Developer,planner.contributor,,Builds production UI features in React and Next.js.,available,Asia/Ho_Chi_Minh,09:00,18:00
u063,Đặng Văn Tuấn,tuan.dangvan@setafutureorg.onmicrosoft.com,SETA Internal,Mid Frontend Developer,planner.contributor,"React,Cypress,JavaScript,Next.js",Builds production UI features in React and Next.js.,available,Asia/Ho_Chi_Minh,08:30,17:30
u064,Trương Trung Giang,giang.truongtrung@setafutureorg.onmicrosoft.com,Client Atlas,Mid Frontend Developer,planner.contributor,"JavaScript,TypeScript,React,Cypress",Builds production UI features in React and Next.js.,available,Asia/Ho_Chi_Minh,10:00,19:00
u065,Ngô Quốc Chi,chi.ngoquoc@setafutureorg.onmicrosoft.com,Client Helios,Mid Frontend Developer,planner.contributor,"TypeScript,JavaScript,Cypress,Next.js",Builds production UI features in React and Next.js.,available,Asia/Ho_Chi_Minh,09:00,17:30
u066,Lý Đình Anh,anh.lydinh@setafutureorg.onmicrosoft.com,,Mid Frontend Developer,planner.contributor,"React,JavaScript,Cypress,TypeScript,Next.js",Builds production UI features in React and Next.js.,available,Asia/Ho_Chi_Minh,08:00,17:00
u067,Tô Trung Hải,hai.totrung@setafutureorg.onmicrosoft.com,SETA Internal,Mid Frontend Developer,planner.contributor,"React,Next.js,JavaScript,Cypress,TypeScript",Builds production UI features in React and Next.js.,available,Asia/Ho_Chi_Minh,09:00,18:00
u068,Cao Đình Tuấn,tuan.caodinh@setafutureorg.onmicrosoft.com,R&D,Mid Frontend Developer,planner.contributor,"React,Next.js,TypeScript,js",Builds production UI features in React and Next.js.,available,Asia/Ho_Chi_Minh,08:30,17:30
u069,Đinh Trung Lan,lan.dinhtrung@setafutureorg.onmicrosoft.com,Client Beta,Mid Frontend Developer,planner.contributor,"JavaScript,TypeScript,Next.js,Cypress,React",Builds production UI features in React and Next.js.,available,Asia/Ho_Chi_Minh,10:00,19:00
u070,Đoàn Trung Mai,mai.doantrung@setafutureorg.onmicrosoft.com,Client Helios,Mid Frontend Developer,planner.contributor,"React,Next.js,JavaScript,Cypress",Builds production UI features in React and Next.js.,available,Asia/Ho_Chi_Minh,09:00,17:30
u071,Mai Văn Sơn,son.maivan@setafutureorg.onmicrosoft.com,Client Atlas,Mid Frontend Developer,planner.contributor,"Cypress,React,Next.js,TypeScript,JavaScript",Builds production UI features in React and Next.js.,available,Asia/Ho_Chi_Minh,08:00,17:00
u072,Dương Đình Dũng,dung.duongdinh@setafutureorg.onmicrosoft.com,SETA Internal,Senior Frontend Developer,planner.contributor,"Cypress,Design Systems,React,JavaScript,TypeScript,GraphQL,Next.js",Owns large frontend surfaces and component libraries.,busy,Asia/Ho_Chi_Minh,09:00,18:00
u073,Đặng Ngọc Quân,quan.dangngoc@setafutureorg.onmicrosoft.com,Client Beta,Senior Frontend Developer,planner.contributor,"ts,React,Design Systems,Next.js,Cypress,GraphQL",Owns large frontend surfaces and component libraries.,busy,Asia/Ho_Chi_Minh,08:30,17:30
u074,Đinh Hoàng Cường,cuong.dinhhoang@setafutureorg.onmicrosoft.com,R&D,Senior Frontend Developer,planner.contributor,"Next.js,React,Design Systems,TypeScript,JavaScript,Cypress",Owns large frontend surfaces and component libraries.,busy,Asia/Ho_Chi_Minh,10:00,19:00
u075,Dương Trung Hà,ha.duongtrung@setafutureorg.onmicrosoft.com,R&D,Senior Frontend Developer,planner.contributor,"Next.js,Cypress,Design Systems,TypeScript,GraphQL,JavaScript",Owns large frontend surfaces and component libraries.,ooo,Asia/Ho_Chi_Minh,09:00,17:30
u076,Tô Văn Phương,phuong.tovan@setafutureorg.onmicrosoft.com,Client Nova,Senior Frontend Developer,planner.contributor,"JavaScript,Next.js,GraphQL,Design Systems,React",Owns large frontend surfaces and component libraries.,ooo,Asia/Ho_Chi_Minh,08:00,17:00
u077,Nguyễn Hoàng Mai,mai.nguyenhoang@setafutureorg.onmicrosoft.com,,Senior Frontend Developer,planner.contributor,"TypeScript,GraphQL,Cypress,Next.js,Design Systems,React,JavaScript",Owns large frontend surfaces and component libraries.,available,Asia/Singapore,09:00,18:00
u078,Lê Hoàng Khánh,khanh.lehoang@setafutureorg.onmicrosoft.com,,Senior Frontend Developer,planner.contributor,"Next.js,Design Systems,JavaScript,Cypress,React,GraphQL",Owns large frontend surfaces and component libraries.,available,Asia/Singapore,08:30,17:30
u079,Trương Hoàng Tuấn,tuan.truonghoang@setafutureorg.onmicrosoft.com,Client Helios,Senior Frontend Developer,planner.contributor,"JavaScript,Cypress,TypeScript,React,GraphQL,Design Systems,Next.js",Owns large frontend surfaces and component libraries.,available,Asia/Singapore,10:00,19:00
u080,Cao Thị Tâm,tam.caothi@setafutureorg.onmicrosoft.com,,Senior Frontend Developer,planner.contributor,"Design Systems,TypeScript,React,Next.js,GraphQL,JavaScript,Cypress",Owns large frontend surfaces and component libraries.,available,Europe/London,09:00,17:30
u081,Trần Trung Hùng,hung.trantrung@setafutureorg.onmicrosoft.com,Client Atlas,Senior Frontend Developer,planner.contributor,"Cypress,Next.js,JavaScript,GraphQL,ts,Design Systems",Owns large frontend surfaces and component libraries.,available,America/New_York,08:00,17:00
u082,Bùi Ngọc Linh,linh.buingoc@setafutureorg.onmicrosoft.com,Client Nova,Junior Backend Developer,planner.contributor,"TypeScript,Node.js,PostgreSQL",Early-career backend engineer working on services.,available,Asia/Ho_Chi_Minh,09:00,18:00
u083,Vũ Trung An,an.vutrung@setafutureorg.onmicrosoft.com,SETA Internal,Junior Backend Developer,planner.contributor,"Node.js,TypeScript,PostgreSQL",Early-career backend engineer working on services.,available,Asia/Ho_Chi_Minh,08:30,17:30
u084,Lê Hữu Hiếu,hieu.lehuu@setafutureorg.onmicrosoft.com,Client Helios,Junior Backend Developer,planner.contributor,"PostgreSQL,TypeScript,Node.js",Early-career backend engineer working on services.,available,Asia/Ho_Chi_Minh,10:00,19:00
u085,Mai Hoàng Phương,phuong.maihoang@setafutureorg.onmicrosoft.com,R&D,Junior Backend Developer,planner.contributor,"PostgreSQL,TypeScript",Early-career backend engineer working on services.,available,Asia/Ho_Chi_Minh,09:00,17:30
u086,Trương Hữu Hải,hai.truonghuu@setafutureorg.onmicrosoft.com,Client Atlas,Junior Backend Developer,planner.contributor,"pg,TypeScript,Node.js",Early-career backend engineer working on services.,available,Asia/Ho_Chi_Minh,08:00,17:00
u087,Ngô Hoàng Mai,mai.ngohoang2@setafutureorg.onmicrosoft.com,Client Helios,Junior Backend Developer,planner.contributor,"Node.js,PostgreSQL",Early-career backend engineer working on services.,available,Asia/Ho_Chi_Minh,09:00,18:00
u088,Bùi Đình Hải,hai.buidinh@setafutureorg.onmicrosoft.com,Client Helios,Junior Backend Developer,planner.contributor,"PostgreSQL,Node.js",Early-career backend engineer working on services.,available,Asia/Ho_Chi_Minh,08:30,17:30
u089,Trương Hoàng Sơn,son.truonghoang@setafutureorg.onmicrosoft.com,Client Beta,Junior Backend Developer,planner.contributor,"Node.js,PostgreSQL,TypeScript",Early-career backend engineer working on services.,available,Asia/Ho_Chi_Minh,10:00,19:00
u090,Tô Văn Quân,quan.tovan2@setafutureorg.onmicrosoft.com,Client Atlas,Junior Backend Developer,planner.contributor,"TypeScript,Node.js,postgres",Early-career backend engineer working on services.,available,Asia/Ho_Chi_Minh,09:00,17:30
u091,Hồ Hoàng Linh,linh.hohoang@setafutureorg.onmicrosoft.com,SETA Internal,Junior Backend Developer,planner.contributor,,Early-career backend engineer working on services.,available,Asia/Ho_Chi_Minh,08:00,17:00
u092,Đặng Ngọc Tuấn,tuan.dangngoc@setafutureorg.onmicrosoft.com,,Junior Backend Developer,planner.contributor,"PostgreSQL,TypeScript",Early-career backend engineer working on services.,available,Asia/Ho_Chi_Minh,09:00,18:00
u093,Tô Văn Chi,chi.tovan@setafutureorg.onmicrosoft.com,Client Nova,Junior Backend Developer,planner.contributor,,Early-career backend engineer working on services.,available,Asia/Ho_Chi_Minh,08:30,17:30
u094,Lê Văn Hiếu,hieu.levan@setafutureorg.onmicrosoft.com,Client Beta,Junior Backend Developer,planner.contributor,"TypeScript,PostgreSQL,Node.js",Early-career backend engineer working on services.,available,Asia/Ho_Chi_Minh,10:00,19:00
u095,Phạm Hữu Hiếu,hieu.phamhuu@setafutureorg.onmicrosoft.com,Client Beta,Mid Backend Developer,planner.contributor,"Node.js,Docker,Redis,PostgreSQL",Implements backend services and data models.,available,Asia/Ho_Chi_Minh,09:00,17:30
u096,Tô Đình Thảo,thao.todinh@setafutureorg.onmicrosoft.com,Client Nova,Mid Backend Developer,planner.contributor,"Redis,TypeScript,Docker,postgres",Implements backend services and data models.,available,Asia/Ho_Chi_Minh,08:00,17:00
u097,Dương Trung Mai,mai.duongtrung@setafutureorg.onmicrosoft.com,Client Atlas,Mid Backend Developer,planner.contributor,"PostgreSQL,Node.js,TypeScript,Docker",Implements backend services and data models.,busy,Asia/Singapore,09:00,18:00
u098,Hoàng Trung Đức,duc.hoangtrung@setafutureorg.onmicrosoft.com,Client Beta,Mid Backend Developer,planner.contributor,"PostgreSQL,Docker,Node.js,Redis",Implements backend services and data models.,busy,Asia/Singapore,08:30,17:30
u099,Ngô Thị Châu,chau.ngothi@setafutureorg.onmicrosoft.com,Client Helios,Mid Backend Developer,planner.contributor,"ts,Docker,Redis,PostgreSQL",Implements backend services and data models.,busy,Asia/Singapore,10:00,19:00
u100,Nguyễn Quốc Hùng,hung.nguyenquoc@setafutureorg.onmicrosoft.com,Client Atlas,Mid Backend Developer,planner.contributor,"Node.js,TypeScript,Docker,Redis,PostgreSQL",Implements backend services and data models.,ooo,Europe/London,09:00,17:30
u101,Trương Thị Hùng,hung.truongthi@setafutureorg.onmicrosoft.com,R&D,Mid Backend Developer,planner.contributor,"Node.js,Redis,TypeScript,PostgreSQL",Implements backend services and data models.,ooo,America/New_York,08:00,17:00
u102,Ngô Thị Châu,chau.ngothi2@setafutureorg.onmicrosoft.com,Client Nova,Mid Backend Developer,planner.contributor,"Redis,Docker,TypeScript,PostgreSQL",Implements backend services and data models.,available,Asia/Ho_Chi_Minh,09:00,18:00
u103,Đoàn Thị Trang,trang.doanthi@setafutureorg.onmicrosoft.com,R&D,Mid Backend Developer,planner.contributor,"TypeScript,Redis,PostgreSQL,Node.js",Implements backend services and data models.,available,Asia/Ho_Chi_Minh,08:30,17:30
u104,Tô Thị Phương,phuong.tothi@setafutureorg.onmicrosoft.com,R&D,Mid Backend Developer,planner.contributor,"PostgreSQL,Node.js,Docker,TypeScript,Redis",Implements backend services and data models.,available,Asia/Ho_Chi_Minh,10:00,19:00
u105,Vũ Hữu Sơn,son.vuhuu@setafutureorg.onmicrosoft.com,Client Nova,Mid Backend Developer,planner.contributor,"Redis,Node.js,PostgreSQL,TypeScript,Docker",Implements backend services and data models.,available,Asia/Ho_Chi_Minh,09:00,17:30
u106,Lý Hoàng Châu,chau.lyhoang@setafutureorg.onmicrosoft.com,Client Beta,Mid Backend Developer,planner.contributor,"Docker,Node.js,Redis,postgres",Implements backend services and data models.,available,Asia/Ho_Chi_Minh,08:00,17:00
u107,Lê Văn Khánh,khanh.levan@setafutureorg.onmicrosoft.com,R&D,Mid Backend Developer,planner.contributor,"PostgreSQL,Node.js,Redis,TypeScript,Docker",Implements backend services and data models.,available,Asia/Ho_Chi_Minh,09:00,18:00
u108,Đoàn Đình Dũng,dung.doandinh@setafutureorg.onmicrosoft.com,Client Beta,Mid Backend Developer,planner.contributor,"Redis,Docker,Node.js,PostgreSQL",Implements backend services and data models.,available,Asia/Ho_Chi_Minh,08:30,17:30
u109,Phạm Hữu Nam,nam.phamhuu@setafutureorg.onmicrosoft.com,Client Beta,Mid Backend Developer,planner.contributor,"Node.js,PostgreSQL,Redis,TypeScript,Docker",Implements backend services and data models.,available,Asia/Ho_Chi_Minh,10:00,19:00
u110,Lê Thị Minh,minh.lethi@setafutureorg.onmicrosoft.com,,Mid Backend Developer,planner.contributor,"Node.js,PostgreSQL,TypeScript,Docker",Implements backend services and data models.,available,Asia/Ho_Chi_Minh,09:00,17:30
u111,Tô Văn Bình,binh.tovan@setafutureorg.onmicrosoft.com,SETA Internal,Mid Backend Developer,planner.contributor,,Implements backend services and data models.,available,Asia/Ho_Chi_Minh,08:00,17:00
u112,Lê Đình Huy,huy.ledinh@setafutureorg.onmicrosoft.com,,Mid Backend Developer,planner.contributor,"Node.js,Docker,PostgreSQL,TypeScript,Redis",Implements backend services and data models.,available,Asia/Ho_Chi_Minh,09:00,18:00
u113,Phan Trung Chi,chi.phantrung@setafutureorg.onmicrosoft.com,SETA Internal,Mid Backend Developer,planner.contributor,"TypeScript,PostgreSQL,Node.js,Docker,Redis",Implements backend services and data models.,available,Asia/Ho_Chi_Minh,08:30,17:30
u114,Đoàn Đình Dũng,dung.doandinh2@setafutureorg.onmicrosoft.com,Client Beta,Mid Backend Developer,planner.contributor,"Redis,TypeScript,Node.js,PostgreSQL",Implements backend services and data models.,available,Asia/Ho_Chi_Minh,10:00,19:00
u115,Phan Đình Anh,anh.phandinh@setafutureorg.onmicrosoft.com,Client Nova,Mid Backend Developer,planner.contributor,"PostgreSQL,Docker,Redis,TypeScript",Implements backend services and data models.,available,Asia/Ho_Chi_Minh,09:00,17:30
u116,Đặng Hữu Linh,linh.danghuu@setafutureorg.onmicrosoft.com,Client Helios,Mid Backend Developer,planner.contributor,"TypeScript,Docker,PostgreSQL,Node.js,Redis",Implements backend services and data models.,available,Asia/Ho_Chi_Minh,08:00,17:00
u117,Trương Hữu Tuấn,tuan.truonghuu@setafutureorg.onmicrosoft.com,,Mid Backend Developer,planner.contributor,"Docker,PostgreSQL,Node.js,TypeScript",Implements backend services and data models.,available,Asia/Singapore,09:00,18:00
u118,Tô Thị Yến,yen.tothi@setafutureorg.onmicrosoft.com,Client Atlas,Mid Backend Developer,planner.contributor,"Redis,Node.js,Docker,postgres,TypeScript",Implements backend services and data models.,available,Asia/Singapore,08:30,17:30
u119,Bùi Hữu An,an.buihuu@setafutureorg.onmicrosoft.com,Client Helios,Mid Backend Developer,planner.contributor,"TypeScript,pg,Redis,Docker",Implements backend services and data models.,available,Asia/Singapore,10:00,19:00
u120,Đặng Đình Thảo,thao.dangdinh@setafutureorg.onmicrosoft.com,Client Atlas,Mid Backend Developer,planner.contributor,"TypeScript,PostgreSQL,Redis,Node.js,Docker",Implements backend services and data models.,available,Europe/London,09:00,17:30
u121,Mai Trung Hiếu,hieu.maitrung@setafutureorg.onmicrosoft.com,R&D,Senior Backend Developer,planner.contributor,"Kafka,AWS,GraphQL,Docker,PostgreSQL,TypeScript",Owns critical backend domains and integrations.,available,America/New_York,08:00,17:00
u122,Đỗ Ngọc Cường,cuong.dongoc@setafutureorg.onmicrosoft.com,,Senior Backend Developer,planner.contributor,"GraphQL,PostgreSQL,AWS,Node.js,Kafka",Owns critical backend domains and integrations.,busy,Asia/Ho_Chi_Minh,09:00,18:00
u123,Đỗ Văn Lan,lan.dovan@setafutureorg.onmicrosoft.com,Client Atlas,Senior Backend Developer,planner.contributor,"Docker,Kafka,PostgreSQL,GraphQL,TypeScript,Node.js",Owns critical backend domains and integrations.,busy,Asia/Ho_Chi_Minh,08:30,17:30
u124,Tô Ngọc Tâm,tam.tongoc@setafutureorg.onmicrosoft.com,R&D,Senior Backend Developer,planner.contributor,"Node.js,PostgreSQL,Docker,Kafka,TypeScript,GraphQL,AWS",Owns critical backend domains and integrations.,busy,Asia/Ho_Chi_Minh,10:00,19:00
u125,Dương Đình Cường,cuong.duongdinh@setafutureorg.onmicrosoft.com,SETA Internal,Senior Backend Developer,planner.contributor,"Docker,AWS,TypeScript,PostgreSQL,Kafka,GraphQL,Node.js",Owns critical backend domains and integrations.,ooo,Asia/Ho_Chi_Minh,09:00,17:30
u126,Lý Văn Hà,ha.lyvan@setafutureorg.onmicrosoft.com,SETA Internal,Senior Backend Developer,planner.contributor,"PostgreSQL,Kafka,Docker,AWS,TypeScript,Node.js",Owns critical backend domains and integrations.,ooo,Asia/Ho_Chi_Minh,08:00,17:00
u127,Hoàng Hữu Bình,binh.hoanghuu@setafutureorg.onmicrosoft.com,Client Helios,Senior Backend Developer,planner.contributor,"AWS,PostgreSQL,Docker,GraphQL,Kafka,TypeScript",Owns critical backend domains and integrations.,available,Asia/Ho_Chi_Minh,09:00,18:00
u128,Lý Thị Quân,quan.lythi@setafutureorg.onmicrosoft.com,R&D,Senior Backend Developer,planner.contributor,"Node.js,Docker,AWS,Kafka,TypeScript,GraphQL",Owns critical backend domains and integrations.,available,Asia/Ho_Chi_Minh,08:30,17:30
u129,Đặng Hữu Tâm,tam.danghuu@setafutureorg.onmicrosoft.com,Client Nova,Senior Backend Developer,planner.contributor,"Node.js,GraphQL,Docker,AWS,TypeScript,PostgreSQL",Owns critical backend domains and integrations.,available,Asia/Ho_Chi_Minh,10:00,19:00
u130,Phan Ngọc Cường,cuong.phanngoc@setafutureorg.onmicrosoft.com,Client Beta,Senior Backend Developer,planner.contributor,"Kafka,TypeScript,Docker,AWS,PostgreSQL",Owns critical backend domains and integrations.,available,Asia/Ho_Chi_Minh,09:00,17:30
u131,Ngô Hữu Linh,linh.ngohuu@setafutureorg.onmicrosoft.com,SETA Internal,Senior Backend Developer,planner.contributor,"Docker,GraphQL,PostgreSQL,Node.js,TypeScript",Owns critical backend domains and integrations.,available,Asia/Ho_Chi_Minh,08:00,17:00
u132,Đặng Thị Phương,phuong.dangthi@setafutureorg.onmicrosoft.com,R&D,Senior Backend Developer,planner.contributor,"TypeScript,Kafka,AWS,node,GraphQL",Owns critical backend domains and integrations.,available,Asia/Ho_Chi_Minh,09:00,18:00
u133,Lê Ngọc Châu,chau.lengoc@setafutureorg.onmicrosoft.com,,Senior Backend Developer,planner.contributor,"Docker,AWS,TypeScript,PostgreSQL,node,Kafka,GraphQL",Owns critical backend domains and integrations.,available,Asia/Ho_Chi_Minh,08:30,17:30
u134,Nguyễn Hữu Phương,phuong.nguyenhuu@setafutureorg.onmicrosoft.com,Client Beta,Junior Fullstack Developer,planner.contributor,"React,TypeScript,Node.js",Early-career engineer working across stack.,available,Asia/Ho_Chi_Minh,10:00,19:00
u135,Lý Quốc Linh,linh.lyquoc@setafutureorg.onmicrosoft.com,Client Nova,Junior Fullstack Developer,planner.contributor,"TypeScript,Node.js,React",Early-career engineer working across stack.,available,Asia/Ho_Chi_Minh,09:00,17:30
u136,Phạm Trung Bảo,bao.phamtrung@setafutureorg.onmicrosoft.com,,Junior Fullstack Developer,planner.contributor,"React,TypeScript,Node.js",Early-career engineer working across stack.,available,Asia/Ho_Chi_Minh,08:00,17:00
u137,Đỗ Ngọc Anh,anh.dongoc@setafutureorg.onmicrosoft.com,Client Beta,Junior Fullstack Developer,planner.contributor,,Early-career engineer working across stack.,available,Asia/Singapore,09:00,18:00
u138,Đinh Quốc Mai,mai.dinhquoc@setafutureorg.onmicrosoft.com,Client Beta,Junior Fullstack Developer,planner.contributor,"React,Node.js",Early-career engineer working across stack.,available,Asia/Singapore,08:30,17:30
u139,Mai Quốc Anh,anh.maiquoc@setafutureorg.onmicrosoft.com,Client Nova,Junior Fullstack Developer,planner.contributor,"React,TypeScript,Node.js",Early-career engineer working across stack.,available,Asia/Singapore,10:00,19:00
u140,Ngô Ngọc Hùng,hung.ngongoc@setafutureorg.onmicrosoft.com,Client Beta,Junior Fullstack Developer,planner.contributor,"TypeScript,Node.js,React",Early-career engineer working across stack.,available,Europe/London,09:00,17:30
u141,Bùi Hoàng Hồng,hong.buihoang@setafutureorg.onmicrosoft.com,Client Helios,Junior Fullstack Developer,planner.contributor,"React,TypeScript,Node.js",Early-career engineer working across stack.,available,America/New_York,08:00,17:00
u142,Lý Quốc Nam,nam.lyquoc@setafutureorg.onmicrosoft.com,Client Beta,Mid Fullstack Developer,planner.contributor,"React,PostgreSQL,TypeScript,Node.js",Delivers fullstack features end to end.,available,Asia/Ho_Chi_Minh,09:00,18:00
u143,Vũ Hoàng Chi,chi.vuhoang@setafutureorg.onmicrosoft.com,,Mid Fullstack Developer,planner.contributor,"React,postgres,Docker,TypeScript",Delivers fullstack features end to end.,available,Asia/Ho_Chi_Minh,08:30,17:30
u144,Mai Ngọc Linh,linh.maingoc@setafutureorg.onmicrosoft.com,SETA Internal,Mid Fullstack Developer,planner.contributor,"PostgreSQL,TypeScript,React,Node.js",Delivers fullstack features end to end.,available,Asia/Ho_Chi_Minh,10:00,19:00
u145,Nguyễn Quốc Bình,binh.nguyenquoc@setafutureorg.onmicrosoft.com,SETA Internal,Mid Fullstack Developer,planner.contributor,"React,Node.js,TypeScript,PostgreSQL",Delivers fullstack features end to end.,available,Asia/Ho_Chi_Minh,09:00,17:30
u146,Bùi Ngọc Hồng,hong.buingoc@setafutureorg.onmicrosoft.com,Client Beta,Mid Fullstack Developer,planner.contributor,"TypeScript,React,Docker,pg",Delivers fullstack features end to end.,available,Asia/Ho_Chi_Minh,08:00,17:00
u147,Nguyễn Hoàng Trang,trang.nguyenhoang@setafutureorg.onmicrosoft.com,Client Atlas,Mid Fullstack Developer,planner.contributor,"PostgreSQL,Docker,TypeScript,Node.js",Delivers fullstack features end to end.,busy,Asia/Ho_Chi_Minh,09:00,18:00
u148,Đinh Ngọc Hà,ha.dinhngoc@setafutureorg.onmicrosoft.com,Client Beta,Mid Fullstack Developer,planner.contributor,"Docker,PostgreSQL,Node.js,React",Delivers fullstack features end to end.,busy,Asia/Ho_Chi_Minh,08:30,17:30
u149,Mai Văn Anh,anh.maivan@setafutureorg.onmicrosoft.com,,Mid Fullstack Developer,planner.contributor,"PostgreSQL,React,Node.js,Docker",Delivers fullstack features end to end.,busy,Asia/Ho_Chi_Minh,10:00,19:00
u150,Mai Văn Hà,ha.maivan@setafutureorg.onmicrosoft.com,Client Helios,Mid Fullstack Developer,planner.contributor,"React,PostgreSQL,TypeScript,Docker",Delivers fullstack features end to end.,ooo,Asia/Ho_Chi_Minh,09:00,17:30
u151,Đặng Ngọc Chi,chi.dangngoc@setafutureorg.onmicrosoft.com,Client Atlas,Mid Fullstack Developer,planner.contributor,"Node.js,PostgreSQL,TypeScript,Docker",Delivers fullstack features end to end.,ooo,Asia/Ho_Chi_Minh,08:00,17:00
u152,Trương Ngọc Nam,nam.truongngoc@setafutureorg.onmicrosoft.com,,Mid Fullstack Developer,planner.contributor,"TypeScript,React,Node.js,Docker",Delivers fullstack features end to end.,available,Asia/Ho_Chi_Minh,09:00,18:00
u153,Phạm Ngọc Linh,linh.phamngoc@setafutureorg.onmicrosoft.com,Client Helios,Senior Fullstack Developer,planner.contributor,"React,postgres,AWS,Docker,GraphQL","Owns vertical features touching UI, services, and data.",available,Asia/Ho_Chi_Minh,08:30,17:30
u154,Đoàn Thị Trang,trang.doanthi2@setafutureorg.onmicrosoft.com,Client Nova,Senior Fullstack Developer,planner.contributor,"Node.js,React,Docker,AWS,TypeScript,PostgreSQL","Owns vertical features touching UI, services, and data.",available,Asia/Ho_Chi_Minh,10:00,19:00
u155,Trương Thị Hùng,hung.truongthi2@setafutureorg.onmicrosoft.com,Client Nova,Senior Fullstack Developer,planner.contributor,,"Owns vertical features touching UI, services, and data.",available,Asia/Ho_Chi_Minh,09:00,17:30
u156,Bùi Quốc Hồng,hong.buiquoc@setafutureorg.onmicrosoft.com,Client Helios,Senior Fullstack Developer,planner.contributor,"AWS,Node.js,PostgreSQL,Docker,GraphQL","Owns vertical features touching UI, services, and data.",available,Asia/Ho_Chi_Minh,08:00,17:00
u157,Nguyễn Thị Minh,minh.nguyenthi@setafutureorg.onmicrosoft.com,,Senior Fullstack Developer,planner.contributor,"TypeScript,Node.js,Docker,GraphQL,PostgreSQL,AWS,React","Owns vertical features touching UI, services, and data.",available,Asia/Singapore,09:00,18:00
u158,Bùi Văn Hùng,hung.buivan@setafutureorg.onmicrosoft.com,R&D,Senior Fullstack Developer,planner.contributor,"Node.js,Docker,TypeScript,GraphQL,AWS,pg,React","Owns vertical features touching UI, services, and data.",available,Asia/Singapore,08:30,17:30
u159,Trần Hoàng Huy,huy.tranhoang@setafutureorg.onmicrosoft.com,Client Nova,Senior Fullstack Developer,planner.contributor,"GraphQL,Docker,Node.js,AWS,PostgreSQL,TypeScript,React","Owns vertical features touching UI, services, and data.",available,Asia/Singapore,10:00,19:00
u160,Vũ Ngọc Chi,chi.vungoc@setafutureorg.onmicrosoft.com,Client Beta,Junior Mobile Developer,planner.contributor,"React Native,iOS",Early-career mobile engineer learning iOS / Android.,available,Europe/London,09:00,17:30
u161,Trương Văn Tâm,tam.truongvan@setafutureorg.onmicrosoft.com,SETA Internal,Junior Mobile Developer,planner.contributor,"ts,React Native",Early-career mobile engineer learning iOS / Android.,available,America/New_York,08:00,17:00
u162,Đinh Trung Hùng,hung.dinhtrung@setafutureorg.onmicrosoft.com,Client Beta,Junior Mobile Developer,planner.contributor,"React Native,TypeScript",Early-career mobile engineer learning iOS / Android.,available,Asia/Ho_Chi_Minh,09:00,18:00
u163,Trần Hoàng Đức,duc.tranhoang@setafutureorg.onmicrosoft.com,Client Beta,Mid Mobile Developer,planner.contributor,"Android,TypeScript,iOS,Swift",Ships mobile features across iOS and Android.,available,Asia/Ho_Chi_Minh,08:30,17:30
u164,Hoàng Đình Sơn,son.hoangdinh@setafutureorg.onmicrosoft.com,Client Atlas,Mid Mobile Developer,planner.contributor,"TypeScript,Android,Swift,iOS",Ships mobile features across iOS and Android.,available,Asia/Ho_Chi_Minh,10:00,19:00
u165,Đặng Trung Giang,giang.dangtrung@setafutureorg.onmicrosoft.com,,Mid Mobile Developer,planner.contributor,"ts,Android,React Native,Swift,iOS",Ships mobile features across iOS and Android.,available,Asia/Ho_Chi_Minh,09:00,17:30
u166,Đỗ Hoàng Huy,huy.dohoang@setafutureorg.onmicrosoft.com,,Mid Mobile Developer,planner.contributor,"React Native,iOS,Swift,Android,TypeScript",Ships mobile features across iOS and Android.,available,Asia/Ho_Chi_Minh,08:00,17:00
u167,Lê Quốc Lan,lan.lequoc@setafutureorg.onmicrosoft.com,Client Atlas,Senior Mobile Developer,planner.contributor,"iOS,Kotlin,SwiftUI,Android,Jetpack Compose",Owns mobile architecture and release pipelines.,available,Asia/Ho_Chi_Minh,09:00,18:00
u168,Mai Hoàng Cường,cuong.maihoang@setafutureorg.onmicrosoft.com,Client Beta,Senior Mobile Developer,planner.contributor,"Swift,SwiftUI,Android,React Native,Kotlin,Jetpack Compose,iOS",Owns mobile architecture and release pipelines.,available,Asia/Ho_Chi_Minh,08:30,17:30
u169,Nguyễn Thị Minh,minh.nguyenthi2@setafutureorg.onmicrosoft.com,Client Nova,Senior Mobile Developer,planner.contributor,"iOS,Swift,SwiftUI,React Native,Kotlin,Android,Jetpack Compose",Owns mobile architecture and release pipelines.,available,Asia/Ho_Chi_Minh,10:00,19:00
u170,Phạm Đình Lan,lan.phamdinh@setafutureorg.onmicrosoft.com,SETA Internal,DevOps Engineer,planner.contributor,"Docker,Terraform,AWS,CI/CD",Builds CI/CD and runtime tooling for engineering teams.,available,Asia/Ho_Chi_Minh,09:00,17:30
u171,Vũ Trung Hải,hai.vutrung@setafutureorg.onmicrosoft.com,,DevOps Engineer,planner.contributor,"AWS,Terraform,CI/CD,Docker",Builds CI/CD and runtime tooling for engineering teams.,available,Asia/Ho_Chi_Minh,08:00,17:00
u172,Hoàng Thị Hà,ha.hoangthi@setafutureorg.onmicrosoft.com,Client Nova,DevOps Engineer,planner.contributor,"Docker,Terraform,AWS,Kubernetes",Builds CI/CD and runtime tooling for engineering teams.,busy,Asia/Ho_Chi_Minh,09:00,18:00
u173,Trương Hoàng Phương,phuong.truonghoang@setafutureorg.onmicrosoft.com,Client Atlas,DevOps Engineer,planner.contributor,"Terraform,Docker,Kubernetes,CI/CD,AWS",Builds CI/CD and runtime tooling for engineering teams.,busy,Asia/Ho_Chi_Minh,08:30,17:30
u174,Bùi Trung Bảo,bao.buitrung@setafutureorg.onmicrosoft.com,Client Beta,DevOps Engineer,planner.contributor,"CI/CD,Kubernetes,Terraform,Docker",Builds CI/CD and runtime tooling for engineering teams.,busy,Asia/Ho_Chi_Minh,10:00,19:00
u175,Đinh Ngọc Phương,phuong.dinhngoc@setafutureorg.onmicrosoft.com,Client Beta,DevOps Engineer,planner.contributor,"AWS,Docker,Kubernetes,Terraform,CI/CD",Builds CI/CD and runtime tooling for engineering teams.,ooo,Asia/Ho_Chi_Minh,09:00,17:30
u176,Mai Hoàng Dũng,dung.maihoang@setafutureorg.onmicrosoft.com,Client Nova,Senior DevOps Engineer,planner.contributor,"CI/CD,GitHub Actions,ArgoCD,AWS,Terraform","Owns platform CI/CD, IaC, and developer experience.",ooo,Asia/Ho_Chi_Minh,08:00,17:00
u177,Ngô Ngọc Hồng,hong.ngongoc@setafutureorg.onmicrosoft.com,Client Atlas,Senior DevOps Engineer,planner.contributor,"Terraform,AWS,Helm,k8s,CI/CD","Owns platform CI/CD, IaC, and developer experience.",available,Asia/Singapore,09:00,18:00
u178,Vũ Thị Cường,cuong.vuthi@setafutureorg.onmicrosoft.com,SETA Internal,Senior DevOps Engineer,planner.contributor,"Helm,ArgoCD,Kubernetes,AWS,CI/CD","Owns platform CI/CD, IaC, and developer experience.",available,Asia/Singapore,08:30,17:30
u179,Vũ Thị Bảo,bao.vuthi@setafutureorg.onmicrosoft.com,Client Beta,Senior DevOps Engineer,planner.contributor,"Helm,GitHub Actions,Terraform,ArgoCD,AWS,CI/CD","Owns platform CI/CD, IaC, and developer experience.",available,Asia/Singapore,10:00,19:00
u180,Bùi Đình Hà,ha.buidinh@setafutureorg.onmicrosoft.com,Client Beta,Senior DevOps Engineer,planner.contributor,"GitHub Actions,Terraform,ArgoCD,Helm,AWS,CI/CD,Kubernetes","Owns platform CI/CD, IaC, and developer experience.",available,Europe/London,09:00,17:30
u181,Đoàn Thị Hồng,hong.doanthi@setafutureorg.onmicrosoft.com,Client Nova,Site Reliability Engineer,planner.contributor,"Prometheus,Grafana,Linux,Kubernetes,Monitoring",Keeps production reliable; on the SLO + paging hook.,available,America/New_York,08:00,17:00
u182,Phạm Đình Cường,cuong.phamdinh@setafutureorg.onmicrosoft.com,Client Helios,Site Reliability Engineer,planner.contributor,"Prometheus,Linux,Grafana,Monitoring",Keeps production reliable; on the SLO + paging hook.,available,Asia/Ho_Chi_Minh,09:00,18:00
u183,Trần Ngọc Hồng,hong.tranngoc@setafutureorg.onmicrosoft.com,Client Helios,Site Reliability Engineer,planner.contributor,"Monitoring,Prometheus,OpenTelemetry,Grafana,Kubernetes",Keeps production reliable; on the SLO + paging hook.,available,Asia/Ho_Chi_Minh,08:30,17:30
u184,Dương Đình Châu,chau.duongdinh@setafutureorg.onmicrosoft.com,Client Nova,Site Reliability Engineer,planner.contributor,"Prometheus,OpenTelemetry,Linux,Kubernetes,Monitoring",Keeps production reliable; on the SLO + paging hook.,available,Asia/Ho_Chi_Minh,10:00,19:00
u185,Lý Quốc Trang,trang.lyquoc@setafutureorg.onmicrosoft.com,,Cloud Engineer,planner.contributor,"GCP,Azure,CloudFront,Terraform",Designs and operates cloud landing zones and networking.,available,Asia/Ho_Chi_Minh,09:00,17:30
u186,Trương Văn Thảo,thao.truongvan@setafutureorg.onmicrosoft.com,SETA Internal,Cloud Engineer,planner.contributor,"AWS,Terraform,GCP,CloudFront,Azure",Designs and operates cloud landing zones and networking.,available,Asia/Ho_Chi_Minh,08:00,17:00
u187,Dương Hoàng Châu,chau.duonghoang@setafutureorg.onmicrosoft.com,Client Beta,Cloud Engineer,planner.contributor,"Azure,AWS,CloudFront,GCP,Terraform",Designs and operates cloud landing zones and networking.,available,Asia/Ho_Chi_Minh,09:00,18:00
u188,Đoàn Hữu Bình,binh.doanhuu@setafutureorg.onmicrosoft.com,Client Nova,Cloud Engineer,planner.contributor,"Terraform,AWS,Azure,GCP,CloudFront",Designs and operates cloud landing zones and networking.,available,Asia/Ho_Chi_Minh,08:30,17:30
u189,Trần Ngọc Thảo,thao.tranngoc@setafutureorg.onmicrosoft.com,SETA Internal,Data Engineer,planner.contributor,"PostgreSQL,Kafka,Spark,Airflow,Python","Builds pipelines, warehouses, and analytics datasets.",available,Asia/Ho_Chi_Minh,10:00,19:00
u190,Mai Văn Sơn,son.maivan2@setafutureorg.onmicrosoft.com,,Data Engineer,planner.contributor,"Python,PostgreSQL,Spark,Airflow,Kafka","Builds pipelines, warehouses, and analytics datasets.",available,Asia/Ho_Chi_Minh,09:00,17:30
u191,Nguyễn Hữu Tuấn,tuan.nguyenhuu@setafutureorg.onmicrosoft.com,Client Beta,Data Engineer,planner.contributor,"Spark,Airflow,Python,Kafka,PostgreSQL","Builds pipelines, warehouses, and analytics datasets.",available,Asia/Ho_Chi_Minh,08:00,17:00
u192,Hồ Ngọc Phương,phuong.hongoc@setafutureorg.onmicrosoft.com,Client Helios,Senior Data Engineer,planner.contributor,"dbt,BigQuery,postgres,Kafka,Spark,Python",Owns warehouse modelling and platform data quality.,available,Asia/Ho_Chi_Minh,09:00,18:00
u193,Ngô Trung Hà,ha.ngotrung@setafutureorg.onmicrosoft.com,,Senior Data Engineer,planner.contributor,"dbt,Airflow,Spark,PostgreSQL,Kafka,Python,BigQuery",Owns warehouse modelling and platform data quality.,available,Asia/Ho_Chi_Minh,08:30,17:30
u194,Lê Trung Tuấn,tuan.letrung@setafutureorg.onmicrosoft.com,,Data Scientist,planner.contributor,"Spark,NLP,Python,ML",Turns raw data into insights and model prototypes.,available,Asia/Ho_Chi_Minh,10:00,19:00
u195,Nguyễn Trung Hồng,hong.nguyentrung@setafutureorg.onmicrosoft.com,Client Helios,Data Scientist,planner.contributor,"NLP,Spark,ML,Python,Feature Engineering",Turns raw data into insights and model prototypes.,available,Asia/Ho_Chi_Minh,09:00,17:30
u196,Phạm Đình Mai,mai.phamdinh@setafutureorg.onmicrosoft.com,Client Beta,Senior Data Scientist,planner.contributor,"Spark,TensorFlow,Python,PyTorch,ML",Leads modelling efforts and mentors junior scientists.,available,Asia/Ho_Chi_Minh,08:00,17:00
u197,Trần Trung Hà,ha.trantrung@setafutureorg.onmicrosoft.com,Client Nova,Senior Data Scientist,planner.contributor,"PyTorch,Python,Feature Engineering,NLP,Spark,TensorFlow,ML",Leads modelling efforts and mentors junior scientists.,busy,Asia/Singapore,09:00,18:00
u198,Nguyễn Văn Tuấn,tuan.nguyenvan@setafutureorg.onmicrosoft.com,Client Nova,ML Engineer,planner.contributor,"Python,TensorFlow,ML,PyTorch,MLflow",Productionizes ML models with training and serving stacks.,busy,Asia/Singapore,08:30,17:30
u199,Phan Đình Hải,hai.phandinh@setafutureorg.onmicrosoft.com,Client Helios,ML Engineer,planner.contributor,"PyTorch,TensorFlow,ML,MLflow,Python",Productionizes ML models with training and serving stacks.,busy,Asia/Singapore,10:00,19:00
u200,Lý Hữu Bình,binh.lyhuu@setafutureorg.onmicrosoft.com,Client Nova,ML Engineer,planner.contributor,"MLflow,PyTorch,TensorFlow,ML",Productionizes ML models with training and serving stacks.,ooo,Europe/London,09:00,17:30
u201,Nguyễn Hữu Bảo,bao.nguyenhuu@setafutureorg.onmicrosoft.com,Client Nova,MLOps Engineer,planner.contributor,"MLflow,AWS,Docker,MLOps,Python","Owns ML platform tooling, training infra, and deployments.",ooo,America/New_York,08:00,17:00
u202,Cao Hữu Giang,giang.caohuu@setafutureorg.onmicrosoft.com,,MLOps Engineer,planner.contributor,,"Owns ML platform tooling, training infra, and deployments.",available,Asia/Ho_Chi_Minh,09:00,18:00
u203,Vũ Ngọc Giang,giang.vungoc@setafutureorg.onmicrosoft.com,Client Beta,AI Engineer,planner.contributor,"Prompt Engineering,LLM,LangChain,RAG",Builds LLM and RAG applications.,available,Asia/Ho_Chi_Minh,08:30,17:30
u204,Trương Đình Phương,phuong.truongdinh@setafutureorg.onmicrosoft.com,Client Atlas,AI Engineer,planner.contributor,"LLM,OpenAI SDK,RAG,LangChain,Prompt Engineering",Builds LLM and RAG applications.,available,Asia/Ho_Chi_Minh,10:00,19:00
u205,Hồ Đình Hà,ha.hodinh@setafutureorg.onmicrosoft.com,,AI Engineer,planner.contributor,"RAG,OpenAI SDK,Anthropic SDK,LLM",Builds LLM and RAG applications.,available,Asia/Ho_Chi_Minh,09:00,17:30
u206,Cao Thị Giang,giang.caothi@setafutureorg.onmicrosoft.com,Client Beta,Generative AI Engineer,planner.contributor,"LLM,Hugging Face,Vector Databases,Fine-tuning","Specialises in generative models, fine-tuning, and RAG.",available,Asia/Ho_Chi_Minh,08:00,17:00
u207,Vũ Đình Nam,nam.vudinh@setafutureorg.onmicrosoft.com,SETA Internal,Generative AI Engineer,planner.contributor,"Hugging Face,RAG,LLM,Vector Databases,Fine-tuning","Specialises in generative models, fine-tuning, and RAG.",available,Asia/Ho_Chi_Minh,09:00,18:00
u208,Hoàng Hữu Nam,nam.hoanghuu@setafutureorg.onmicrosoft.com,,Junior QA Engineer,planner.contributor,"TypeScript,API Testing,Cypress",Early-career QA engineer learning automation.,available,Asia/Ho_Chi_Minh,08:30,17:30
u209,Tô Hữu Cường,cuong.tohuu@setafutureorg.onmicrosoft.com,SETA Internal,Junior QA Engineer,planner.contributor,"Cypress,TypeScript,API Testing",Early-career QA engineer learning automation.,available,Asia/Ho_Chi_Minh,10:00,19:00
u210,Vũ Hữu Châu,chau.vuhuu@setafutureorg.onmicrosoft.com,Client Helios,Junior QA Engineer,planner.contributor,"Cypress,TypeScript",Early-career QA engineer learning automation.,available,Asia/Ho_Chi_Minh,09:00,17:30
u211,Phan Trung Châu,chau.phantrung@setafutureorg.onmicrosoft.com,Client Nova,Junior QA Engineer,planner.contributor,"API Testing,TypeScript,Cypress",Early-career QA engineer learning automation.,available,Asia/Ho_Chi_Minh,08:00,17:00
u212,Hoàng Văn Tuấn,tuan.hoangvan@setafutureorg.onmicrosoft.com,Client Nova,Junior QA Engineer,planner.contributor,"Cypress,API Testing",Early-career QA engineer learning automation.,available,Asia/Ho_Chi_Minh,09:00,18:00
u213,Hoàng Văn Khánh,khanh.hoangvan@setafutureorg.onmicrosoft.com,R&D,Junior QA Engineer,planner.contributor,"TypeScript,Cypress,API Testing",Early-career QA engineer learning automation.,available,Asia/Ho_Chi_Minh,08:30,17:30
u214,Phan Quốc Tâm,tam.phanquoc@setafutureorg.onmicrosoft.com,R&D,QA Engineer,planner.contributor,"API Testing,TypeScript,Cypress,Postman,Playwright",Designs test plans and automates regression coverage.,available,Asia/Ho_Chi_Minh,10:00,19:00
u215,Mai Quốc Thảo,thao.maiquoc@setafutureorg.onmicrosoft.com,Client Atlas,QA Engineer,planner.contributor,"TypeScript,Playwright,API Testing,Postman",Designs test plans and automates regression coverage.,available,Asia/Ho_Chi_Minh,09:00,17:30
u216,Đoàn Đình Anh,anh.doandinh@setafutureorg.onmicrosoft.com,Client Helios,QA Engineer,planner.contributor,"Playwright,ts,API Testing,Postman",Designs test plans and automates regression coverage.,available,Asia/Ho_Chi_Minh,08:00,17:00
u217,Ngô Ngọc Chi,chi.ngongoc@setafutureorg.onmicrosoft.com,Client Nova,QA Engineer,planner.contributor,"TypeScript,Postman,Cypress,API Testing",Designs test plans and automates regression coverage.,available,Asia/Singapore,09:00,18:00
u218,Lê Hoàng Tâm,tam.lehoang@setafutureorg.onmicrosoft.com,Client Beta,QA Engineer,planner.contributor,"Playwright,Postman,Cypress,TypeScript",Designs test plans and automates regression coverage.,available,Asia/Singapore,08:30,17:30
u219,Mai Hữu Nam,nam.maihuu@setafutureorg.onmicrosoft.com,SETA Internal,QA Engineer,planner.contributor,"API Testing,TypeScript,Cypress,Postman,Playwright",Designs test plans and automates regression coverage.,available,Asia/Singapore,10:00,19:00
u220,Nguyễn Trung Lan,lan.nguyentrung@setafutureorg.onmicrosoft.com,,QA Engineer,planner.contributor,,Designs test plans and automates regression coverage.,available,Europe/London,09:00,17:30
u221,Mai Ngọc Sơn,son.maingoc@setafutureorg.onmicrosoft.com,Client Atlas,QA Engineer,planner.contributor,"Postman,API Testing,TypeScript,Cypress",Designs test plans and automates regression coverage.,available,America/New_York,08:00,17:00
u222,Vũ Đình Dũng,dung.vudinh@setafutureorg.onmicrosoft.com,Client Helios,Senior QA Engineer,planner.contributor,"Cypress,Test Automation,Playwright,JMeter,API Testing,TypeScript",Leads quality strategy across multiple products.,busy,Asia/Ho_Chi_Minh,09:00,18:00
u223,Đoàn Thị Bảo,bao.doanthi@setafutureorg.onmicrosoft.com,SETA Internal,Senior QA Engineer,planner.contributor,"JMeter,Test Automation,API Testing,Cypress,Postman,TypeScript,Playwright",Leads quality strategy across multiple products.,busy,Asia/Ho_Chi_Minh,08:30,17:30
u224,Cao Thị Hà,ha.caothi@setafutureorg.onmicrosoft.com,SETA Internal,Senior QA Engineer,planner.contributor,"Test Automation,Postman,JMeter,TypeScript,Playwright",Leads quality strategy across multiple products.,busy,Asia/Ho_Chi_Minh,10:00,19:00
u225,Trương Văn Tuấn,tuan.truongvan@setafutureorg.onmicrosoft.com,Client Atlas,Senior QA Engineer,planner.contributor,"Postman,Test Automation,API Testing,JMeter,Playwright,TypeScript,Cypress",Leads quality strategy across multiple products.,ooo,Asia/Ho_Chi_Minh,09:00,17:30
u226,Đặng Hữu Trang,trang.danghuu@setafutureorg.onmicrosoft.com,Client Nova,Senior QA Engineer,planner.contributor,"TypeScript,Postman,Cypress,Test Automation,JMeter,Playwright",Leads quality strategy across multiple products.,ooo,Asia/Ho_Chi_Minh,08:00,17:00
u227,Đoàn Ngọc Quân,quan.doanngoc@setafutureorg.onmicrosoft.com,Client Helios,QA Automation Engineer,planner.contributor,,Owns E2E and integration test automation frameworks.,available,Asia/Ho_Chi_Minh,09:00,18:00
u228,Ngô Đình Chi,chi.ngodinh@setafutureorg.onmicrosoft.com,Client Beta,QA Automation Engineer,planner.contributor,"TypeScript,Playwright,Robot Framework,Cypress",Owns E2E and integration test automation frameworks.,available,Asia/Ho_Chi_Minh,08:30,17:30
u229,Trương Quốc Bảo,bao.truongquoc@setafutureorg.onmicrosoft.com,R&D,QA Automation Engineer,planner.contributor,"Selenium,Playwright,Test Automation,Cypress,TypeScript",Owns E2E and integration test automation frameworks.,available,Asia/Ho_Chi_Minh,10:00,19:00
u230,Dương Hữu An,an.duonghuu@setafutureorg.onmicrosoft.com,SETA Internal,QA Automation Engineer,planner.contributor,"Playwright,Cypress,TypeScript,Selenium",Owns E2E and integration test automation frameworks.,available,Asia/Ho_Chi_Minh,09:00,17:30
u231,Đoàn Quốc Giang,giang.doanquoc@setafutureorg.onmicrosoft.com,Client Helios,QA Automation Engineer,planner.contributor,"Playwright,Cypress,Robot Framework,TypeScript",Owns E2E and integration test automation frameworks.,available,Asia/Ho_Chi_Minh,08:00,17:00
u232,Nguyễn Thị Khánh,khanh.nguyenthi@setafutureorg.onmicrosoft.com,SETA Internal,QA Lead,planner.contributor,"Playwright,Cypress,Stakeholder Management,Risk Management","Heads QA strategy, hiring, and process.",available,Asia/Ho_Chi_Minh,09:00,18:00
u233,Phan Thị Đức,duc.phanthi@setafutureorg.onmicrosoft.com,R&D,QA Lead,planner.contributor,"Playwright,Stakeholder Management,Cypress,Test Automation,Risk Management","Heads QA strategy, hiring, and process.",available,Asia/Ho_Chi_Minh,08:30,17:30
u234,Trương Đình Linh,linh.truongdinh@setafutureorg.onmicrosoft.com,Client Atlas,Security Engineer,planner.contributor,"OWASP,IAM,SAST,DAST",Performs security reviews and threat modelling.,available,Asia/Ho_Chi_Minh,10:00,19:00
u235,Mai Quốc Quân,quan.maiquoc@setafutureorg.onmicrosoft.com,Client Helios,Security Engineer,planner.contributor,"SAST,IAM,OWASP,Security",Performs security reviews and threat modelling.,available,Asia/Ho_Chi_Minh,09:00,17:30
u236,Hoàng Ngọc Linh,linh.hoangngoc@setafutureorg.onmicrosoft.com,SETA Internal,Security Engineer,planner.contributor,"OWASP,SAST,Security,DAST",Performs security reviews and threat modelling.,available,Asia/Ho_Chi_Minh,08:00,17:00
u237,Đoàn Đình Yến,yen.doandinh@setafutureorg.onmicrosoft.com,,Security Engineer,planner.contributor,"Security,OWASP,IAM,DAST,SAST",Performs security reviews and threat modelling.,available,Asia/Singapore,09:00,18:00
u238,Cao Thị Huy,huy.caothi@setafutureorg.onmicrosoft.com,R&D,Senior Security Engineer,planner.contributor,,Leads AppSec reviews and incident response.,available,Asia/Singapore,08:30,17:30
u239,Phạm Hoàng Giang,giang.phamhoang@setafutureorg.onmicrosoft.com,Client Helios,Security Lead,planner.contributor,"Risk Management,Zero Trust,ISO 27001,Security,SOC 2",Heads the security programme across the org.,available,Asia/Singapore,10:00,19:00
u240,Đoàn Văn Bình,binh.doanvan@setafutureorg.onmicrosoft.com,,Project Manager,planner.contributor,"Stakeholder Management,JIRA,Agile,Risk Management,Scrum","Plans deliveries, manages risks, and reports to stakeholders.",available,Europe/London,09:00,17:30
u241,Mai Hữu Tuấn,tuan.maihuu@setafutureorg.onmicrosoft.com,Client Atlas,Project Manager,planner.contributor,"JIRA,Risk Management,Agile,Scrum","Plans deliveries, manages risks, and reports to stakeholders.",available,America/New_York,08:00,17:00
u242,Dương Đình Hùng,hung.duongdinh@setafutureorg.onmicrosoft.com,R&D,Project Manager,planner.contributor,"Risk Management,Stakeholder Management,Scrum,JIRA","Plans deliveries, manages risks, and reports to stakeholders.",available,Asia/Ho_Chi_Minh,09:00,18:00
u243,Bùi Hoàng Hồng,hong.buihoang2@setafutureorg.onmicrosoft.com,,Project Manager,planner.contributor,"Stakeholder Management,Agile,JIRA,Scrum,Risk Management","Plans deliveries, manages risks, and reports to stakeholders.",available,Asia/Ho_Chi_Minh,08:30,17:30
u244,Trương Hoàng Mai,mai.truonghoang@setafutureorg.onmicrosoft.com,SETA Internal,Project Manager,planner.contributor,"Risk Management,Stakeholder Management,Agile,Scrum,JIRA","Plans deliveries, manages risks, and reports to stakeholders.",available,Asia/Ho_Chi_Minh,10:00,19:00
u245,Đinh Ngọc Huy,huy.dinhngoc@setafutureorg.onmicrosoft.com,SETA Internal,Project Manager,planner.contributor,"Risk Management,Stakeholder Management,JIRA,Agile","Plans deliveries, manages risks, and reports to stakeholders.",available,Asia/Ho_Chi_Minh,09:00,17:30
u246,Trương Văn Trang,trang.truongvan@setafutureorg.onmicrosoft.com,Client Beta,Project Manager,planner.contributor,"Risk Management,JIRA,Agile,Stakeholder Management","Plans deliveries, manages risks, and reports to stakeholders.",available,Asia/Ho_Chi_Minh,08:00,17:00
u247,Trần Ngọc Lan,lan.tranngoc@setafutureorg.onmicrosoft.com,Client Atlas,Project Manager,planner.contributor,"Stakeholder Management,Scrum,Risk Management,JIRA,Agile","Plans deliveries, manages risks, and reports to stakeholders.",busy,Asia/Ho_Chi_Minh,09:00,18:00
u248,Ngô Trung Huy,huy.ngotrung@setafutureorg.onmicrosoft.com,Client Nova,Project Manager,planner.contributor,"JIRA,Agile,Risk Management,Scrum","Plans deliveries, manages risks, and reports to stakeholders.",busy,Asia/Ho_Chi_Minh,08:30,17:30
u249,Lý Ngọc Minh,minh.lyngoc@setafutureorg.onmicrosoft.com,R&D,Senior Project Manager,planner.contributor,"Agile,Portfolio Management,Stakeholder Management,JIRA,Risk Management,Scrum",Owns large multi-team programmes end to end.,busy,Asia/Ho_Chi_Minh,10:00,19:00
u250,Ngô Đình Bảo,bao.ngodinh@setafutureorg.onmicrosoft.com,Client Nova,Senior Project Manager,planner.contributor,"Agile,Scrum,JIRA,Portfolio Management,Estimation",Owns large multi-team programmes end to end.,ooo,Asia/Ho_Chi_Minh,09:00,17:30
u251,Đinh Văn Linh,linh.dinhvan@setafutureorg.onmicrosoft.com,Client Beta,Senior Project Manager,planner.contributor,"Portfolio Management,Stakeholder Management,Risk Management,Agile,JIRA,Estimation",Owns large multi-team programmes end to end.,ooo,Asia/Ho_Chi_Minh,08:00,17:00
u252,Phan Văn Anh,anh.phanvan@setafutureorg.onmicrosoft.com,,Senior Project Manager,planner.contributor,"Estimation,Risk Management,JIRA,Scrum,Agile,Portfolio Management",Owns large multi-team programmes end to end.,available,Asia/Ho_Chi_Minh,09:00,18:00
u253,Ngô Trung Cường,cuong.ngotrung@setafutureorg.onmicrosoft.com,Client Beta,Delivery Manager,planner.contributor,"Stakeholder Management,Agile,Risk Management,Resource Planning",Orchestrates delivery flow across squads.,available,Asia/Ho_Chi_Minh,08:30,17:30
u254,Mai Trung Linh,linh.maitrung@setafutureorg.onmicrosoft.com,Client Nova,Delivery Manager,planner.contributor,"Agile,Estimation,Stakeholder Management,Risk Management,Resource Planning",Orchestrates delivery flow across squads.,available,Asia/Ho_Chi_Minh,10:00,19:00
u255,Lý Đình Đức,duc.lydinh@setafutureorg.onmicrosoft.com,R&D,Scrum Master,planner.contributor,"Stakeholder Management,Scrum,Kanban,Agile",Coaches teams on agile practices and removes blockers.,available,Asia/Ho_Chi_Minh,09:00,17:30
u256,Hoàng Văn Hùng,hung.hoangvan@setafutureorg.onmicrosoft.com,SETA Internal,Scrum Master,planner.contributor,"Kanban,Scrum,Stakeholder Management,Agile",Coaches teams on agile practices and removes blockers.,available,Asia/Ho_Chi_Minh,08:00,17:00
u257,Phạm Hoàng Hà,ha.phamhoang@setafutureorg.onmicrosoft.com,Client Nova,Scrum Master,planner.contributor,"Agile,Scrum,Kanban,Stakeholder Management",Coaches teams on agile practices and removes blockers.,available,Asia/Singapore,09:00,18:00
u258,Ngô Văn Trang,trang.ngovan@setafutureorg.onmicrosoft.com,SETA Internal,Product Owner,planner.contributor,"Stakeholder Management,Agile,Product Roadmap,Scrum,Estimation",Owns product backlog and prioritisation.,available,Asia/Singapore,08:30,17:30
u259,Hoàng Hữu Dũng,dung.hoanghuu@setafutureorg.onmicrosoft.com,Client Helios,Product Owner,planner.contributor,"Scrum,Stakeholder Management,Estimation,Product Roadmap",Owns product backlog and prioritisation.,available,Asia/Singapore,10:00,19:00
u260,Đỗ Ngọc Mai,mai.dongoc@setafutureorg.onmicrosoft.com,SETA Internal,Product Owner,planner.contributor,"Stakeholder Management,Scrum,Product Roadmap,Estimation,Agile",Owns product backlog and prioritisation.,available,Europe/London,09:00,17:30
u261,Nguyễn Quốc Lan,lan.nguyenquoc@setafutureorg.onmicrosoft.com,SETA Internal,Business Analyst,planner.contributor,"Risk Management,Agile,Product Roadmap,Stakeholder Management",Bridges business and engineering with clear requirements.,available,America/New_York,08:00,17:00
u262,Mai Văn Hải,hai.maivan@setafutureorg.onmicrosoft.com,,Business Analyst,planner.contributor,"Stakeholder Management,JIRA,Risk Management,Product Roadmap,Agile",Bridges business and engineering with clear requirements.,available,Asia/Ho_Chi_Minh,09:00,18:00
u263,Trương Thị Đức,duc.truongthi@setafutureorg.onmicrosoft.com,Client Helios,Business Analyst,planner.contributor,"Agile,Risk Management,Stakeholder Management,Product Roadmap,JIRA",Bridges business and engineering with clear requirements.,available,Asia/Ho_Chi_Minh,08:30,17:30
u264,Đỗ Quốc Bình,binh.doquoc@setafutureorg.onmicrosoft.com,,Business Analyst,planner.contributor,"Risk Management,Product Roadmap,Stakeholder Management,JIRA,Agile",Bridges business and engineering with clear requirements.,available,Asia/Ho_Chi_Minh,10:00,19:00
u265,Ngô Thị Châu,chau.ngothi3@setafutureorg.onmicrosoft.com,Client Atlas,Business Analyst,planner.contributor,"Product Roadmap,Risk Management,JIRA,Agile,Stakeholder Management",Bridges business and engineering with clear requirements.,available,Asia/Ho_Chi_Minh,09:00,17:30
u266,Tô Văn Quân,quan.tovan3@setafutureorg.onmicrosoft.com,R&D,Business Analyst,planner.contributor,"Agile,Risk Management,Stakeholder Management,JIRA",Bridges business and engineering with clear requirements.,available,Asia/Ho_Chi_Minh,08:00,17:00
u267,Vũ Văn Bảo,bao.vuvan@setafutureorg.onmicrosoft.com,,PMO Lead,planner.viewer,"Portfolio Management,Stakeholder Management,KPI,Resource Planning,Governance",Heads the PMO with portfolio governance and KPIs.,available,Asia/Ho_Chi_Minh,09:00,18:00
u268,Trần Trung Giang,giang.trantrung@setafutureorg.onmicrosoft.com,Client Atlas,PMO Analyst,planner.viewer,"Portfolio Management,KPI,JIRA,Resource Planning",Tracks portfolio health and PMO reporting.,available,Asia/Ho_Chi_Minh,08:30,17:30
u269,Hồ Đình Mai,mai.hodinh@setafutureorg.onmicrosoft.com,Client Beta,PMO Analyst,planner.viewer,"KPI,JIRA,Portfolio Management,Resource Planning",Tracks portfolio health and PMO reporting.,available,Asia/Ho_Chi_Minh,10:00,19:00
u270,Mai Trung Chi,chi.maitrung@setafutureorg.onmicrosoft.com,,UI/UX Designer,planner.contributor,"User Research,Figma,Wireframing,Prototyping",Designs interactions and prototypes with research input.,available,Asia/Ho_Chi_Minh,09:00,17:30
u271,Đỗ Đình Hồng,hong.dodinh@setafutureorg.onmicrosoft.com,R&D,UI/UX Designer,planner.contributor,"User Research,Prototyping,Figma,Wireframing,Django",Designs interactions and prototypes with research input.,available,Asia/Ho_Chi_Minh,08:00,17:00
u272,Đỗ Quốc Châu,chau.doquoc@setafutureorg.onmicrosoft.com,Client Nova,UI/UX Designer,planner.contributor,"Prototyping,User Research,Figma,Wireframing",Designs interactions and prototypes with research input.,busy,Asia/Ho_Chi_Minh,09:00,18:00
u273,Hồ Văn Hồng,hong.hovan@setafutureorg.onmicrosoft.com,Client Nova,UI/UX Designer,planner.contributor,"Figma,User Research,Prototyping,Wireframing",Designs interactions and prototypes with research input.,busy,Asia/Ho_Chi_Minh,08:30,17:30
u274,Đặng Ngọc An,an.dangngoc@setafutureorg.onmicrosoft.com,Client Nova,UI/UX Designer,planner.contributor,"Wireframing,Figma,Prototyping,User Research",Designs interactions and prototypes with research input.,busy,Asia/Ho_Chi_Minh,10:00,19:00
u275,Trương Trung Huy,huy.truongtrung@setafutureorg.onmicrosoft.com,Client Beta,Senior UI/UX Designer,planner.contributor,"Accessibility,Figma,Prototyping,Sketch,Wireframing,User Research,Design Systems",Owns large UX problem spaces and design system contributions.,ooo,Asia/Ho_Chi_Minh,09:00,17:30
u276,Đoàn Đình Lan,lan.doandinh@setafutureorg.onmicrosoft.com,Client Atlas,Senior UI/UX Designer,planner.contributor,"User Research,Figma,Accessibility,Wireframing,Prototyping,Design Systems",Owns large UX problem spaces and design system contributions.,ooo,Asia/Ho_Chi_Minh,08:00,17:00
u277,Trương Hoàng Hồng,hong.truonghoang@setafutureorg.onmicrosoft.com,,Design Lead,planner.contributor,"Accessibility,Design Systems,User Research,Figma",Heads design across products with a strong systems lens.,available,Asia/Singapore,09:00,18:00
u278,Trần Quốc Trang,trang.tranquoc@setafutureorg.onmicrosoft.com,Client Beta,HR Manager,planner.viewer,"Labor Law VN,Employee Engagement,Stakeholder Management,Performance Reviews",Heads HR for the company; partners with leadership.,available,Asia/Singapore,08:30,17:30
u279,Hồ Hoàng Linh,linh.hohoang2@setafutureorg.onmicrosoft.com,SETA Internal,HR Generalist,planner.viewer,"HRIS,Labor Law VN,Employee Engagement,Onboarding",Handles HR operations and employee experience.,available,Asia/Singapore,10:00,19:00
u280,Lý Hữu Yến,yen.lyhuu@setafutureorg.onmicrosoft.com,Client Nova,HR Generalist,planner.viewer,"Employee Engagement,Onboarding,Labor Law VN,HRIS",Handles HR operations and employee experience.,available,Europe/London,09:00,17:30
u281,Cao Thị Mai,mai.caothi@setafutureorg.onmicrosoft.com,R&D,HR Generalist,planner.viewer,"Labor Law VN,Employee Engagement,HRIS,Onboarding",Handles HR operations and employee experience.,available,America/New_York,08:00,17:00
u282,Dương Ngọc Châu,chau.duongngoc@setafutureorg.onmicrosoft.com,Client Atlas,HR Business Partner,planner.viewer,"Compensation,Employee Engagement,Stakeholder Management,Performance Reviews,Android",Embedded HR partner aligned to a business unit.,available,Asia/Ho_Chi_Minh,09:00,18:00
u283,Hồ Thị Tuấn,tuan.hothi@setafutureorg.onmicrosoft.com,SETA Internal,Talent Acquisition,planner.viewer,"Technical Recruiting,LinkedIn Recruiter,Onboarding,Town Hall Facilitation",Hires technical talent end to end.,available,Asia/Ho_Chi_Minh,08:30,17:30
u284,Vũ Văn Anh,anh.vuvan@setafutureorg.onmicrosoft.com,,Talent Acquisition,planner.viewer,"Technical Recruiting,Onboarding,LinkedIn Recruiter,JavaScript,OWASP",Hires technical talent end to end.,available,Asia/Ho_Chi_Minh,10:00,19:00
u285,Hoàng Đình Thảo,thao.hoangdinh@setafutureorg.onmicrosoft.com,Client Atlas,Talent Acquisition,planner.viewer,"Technical Recruiting,LinkedIn Recruiter,Onboarding,Cypress",Hires technical talent end to end.,available,Asia/Ho_Chi_Minh,09:00,17:30
u286,Phan Hoàng Hiếu,hieu.phanhoang@setafutureorg.onmicrosoft.com,Client Helios,IT Support,planner.viewer,"Monitoring,Office Operations,Linux,Feature Engineering",First line of internal IT support.,available,Asia/Ho_Chi_Minh,08:00,17:00
u287,Đỗ Hữu Lan,lan.dohuu@setafutureorg.onmicrosoft.com,Client Nova,IT Administrator,planner.viewer,"Monitoring,Security,Office Operations,Linux",Administers IT systems and access.,available,Asia/Ho_Chi_Minh,09:00,18:00
u288,Bùi Thị Trang,trang.buithi@setafutureorg.onmicrosoft.com,Client Nova,IT Administrator,planner.viewer,"Monitoring,Office Operations,Security,Linux,JavaScript",Administers IT systems and access.,available,Asia/Ho_Chi_Minh,08:30,17:30
u289,Trần Ngọc Huy,huy.tranngoc@setafutureorg.onmicrosoft.com,Client Atlas,Account Manager,planner.viewer,"Negotiation,CRM,Account Management,Stakeholder Management,ML",Owns client relationships and renewals.,available,Asia/Ho_Chi_Minh,10:00,19:00
u290,Đoàn Ngọc Hùng,hung.doanngoc@setafutureorg.onmicrosoft.com,Client Beta,Account Manager,planner.viewer,"Stakeholder Management,CRM,Account Management,Negotiation",Owns client relationships and renewals.,available,Asia/Ho_Chi_Minh,09:00,17:30
u291,Đặng Đình Đức,duc.dangdinh@setafutureorg.onmicrosoft.com,,Account Manager,planner.viewer,,Owns client relationships and renewals.,available,Asia/Ho_Chi_Minh,08:00,17:00
u292,Lý Văn Minh,minh.lyvan@setafutureorg.onmicrosoft.com,Client Nova,Account Manager,planner.viewer,,Owns client relationships and renewals.,available,Asia/Ho_Chi_Minh,09:00,18:00
u293,Lý Trung Mai,mai.lytrung@setafutureorg.onmicrosoft.com,Client Nova,Sales Manager,planner.viewer,"CRM,Negotiation,Stakeholder Management,Leadership",Heads sales for a territory or segment.,available,Asia/Ho_Chi_Minh,08:30,17:30
u294,Đoàn Văn Yến,yen.doanvan@setafutureorg.onmicrosoft.com,,Sales Manager,planner.viewer,"B2B Sales,Negotiation,Stakeholder Management,CRM",Heads sales for a territory or segment.,available,Asia/Ho_Chi_Minh,10:00,19:00
u295,Đỗ Đình Hiếu,hieu.dodinh@setafutureorg.onmicrosoft.com,Client Nova,Marketing Specialist,planner.viewer,"CRM,Content Marketing,SEO,Governance,Onboarding",Drives marketing campaigns and content.,available,Asia/Ho_Chi_Minh,09:00,17:30
u296,Tô Trung An,an.totrung@setafutureorg.onmicrosoft.com,R&D,Finance / Accountant,planner.viewer,"Budgeting,Accounting,Financial Reporting,CloudFront,Redis",Owns financial reporting and accounting controls.,available,Asia/Ho_Chi_Minh,08:00,17:00
u297,Nguyễn Đình Sơn,son.nguyendinh@setafutureorg.onmicrosoft.com,Client Helios,Finance / Accountant,planner.viewer,"Accounting,Budgeting,Financial Reporting,Docker",Owns financial reporting and accounting controls.,busy,Asia/Singapore,09:00,18:00
u298,Trần Trung Trang,trang.trantrung@setafutureorg.onmicrosoft.com,Client Atlas,Operations Manager,planner.viewer,"Office Operations,Risk Management,Stakeholder Management,Leadership",Runs operations across teams and offices.,busy,Asia/Singapore,08:30,17:30
u299,Phạm Hoàng Mai,mai.phamhoang@setafutureorg.onmicrosoft.com,Client Helios,Office Administrator,planner.viewer,"Office Operations,Stakeholder Management,HRIS,Nginx,Threat Modeling",Keeps the office running smoothly.,busy,Asia/Singapore,10:00,19:00
u300,Trần Trung Giang,giang.trantrung2@setafutureorg.onmicrosoft.com,,IC Executive,planner.viewer,"Employee Engagement,Internal Communications,Town Hall Facilitation,Data Engineering",Drives internal communications and engagement.,ooo,Europe/London,09:00,17:30
u301,Dương Hữu Yến,yen.duonghuu@setafutureorg.onmicrosoft.com,Client Atlas,IC Executive,planner.viewer,"Internal Communications,Employee Engagement,Town Hall Facilitation,OpenAI SDK,Spark",Drives internal communications and engagement.,ooo,America/New_York,08:00,17:00
u302,Trần Trung Thắng,thang.tran@setafutureorg.onmicrosoft.com,SETA Internal,Senior Backend Developer,planner.contributor,"Node.js,TypeScript,PostgreSQL,Docker,Kafka,AWS,System Design",Senior backend engineer focused on planner reliability and event-driven architecture.,available,Asia/Ho_Chi_Minh,09:00,18:00
