user_id,name,email,project,role,rbac_role,skills
u001,Trần Văn Hùng,hung.tranvan@setafuture.onmicrosoft.com,SETA Internal,CTO,org.admin,"AWS,System Design,DevOps,Engineering Leadership"
u002,Nguyễn Văn Nam,nam.nguyenvan@setafuture.onmicrosoft.com,SETA Internal,IT Engineer,planner.contributor,"AWS,Kubernetes,Terraform,Linux,Monitoring,Security"
u003,Lê Thị Hoa,hoa.lethi@setafuture.onmicrosoft.com,SETA Internal,IT Engineer,planner.contributor,"AWS,Kubernetes,Linux,Docker"
u004,Phạm Quốc Bảo,bao.phamquoc@setafuture.onmicrosoft.com,Client Atlas,Backend Developer,planner.contributor,"Node.js,PostgreSQL,Docker,Kafka"
u005,Vũ Minh Tuấn,tuan.vuminh@setafuture.onmicrosoft.com,SETA Internal,Backend Developer,planner.contributor,"AWS,Docker,Linux,PostgreSQL"
u007,Vũ Bích Ngọc,ngoc.vubich@setafuture.onmicrosoft.com,SETA Internal,IT Support,planner.viewer,"AWS,Linux,Docker"
u008,Bùi Trung Hiếu,hieu.buitrung@setafuture.onmicrosoft.com,Client Beta,IT Engineer,planner.contributor,"AWS,Kubernetes,Terraform,Security"
u009,Đỗ Mỹ Linh,linh.domy@setafuture.onmicrosoft.com,SETA Internal,PM,planner.contributor,
u010,Bùi Hoàng Long,long.buihoang@setafuture.onmicrosoft.com,SETA Internal,IT Engineer,planner.contributor,"AWS,Kubernetes,Linux,Docker"
u011,Trần Hồng Anh,anh.tranhong@setafuture.onmicrosoft.com,SETA Internal,IT Engineer,planner.contributor,"Linux,Monitoring,Docker"
u012,Lê Quang Vinh,vinh.lequang@setafuture.onmicrosoft.com,,Junior Developer,planner.contributor,"JavaScript,HTML,CSS"
u013,Đinh Thanh Mai,mai.dinhthanh@setafuture.onmicrosoft.com,SETA Internal,,planner.viewer,"DevOps,AI"
u014,Phạm Lan Anh,anh.phamlan@setafuture.onmicrosoft.com,Client Atlas,Data Scientist,planner.contributor,"ML,NLP,Spark,Kafka"
u015,Lý Minh Hoàng,hoang.lyminh@setafuture.onmicrosoft.com,SETA Internal,Software Engineer,planner.contributor,"k8s,ts,postgres,OOP"
u016,Trần Trung Nam,nam.trantrung@setafuture.onmicrosoft.com,Client Beta,CEO,org.admin,"Digital Transformation,Leadership,Business Strategy,Stakeholder Management,OOP"
u017,Trương Hữu Hùng,hung.truonghuu@setafuture.onmicrosoft.com,Client Nova,CDO,org.admin,"AI,NLP,ML,Data Engineering,Python"
u018,Vũ Hoàng Huy,huy.vuhoang@setafuture.onmicrosoft.com,Client Atlas,VP Engineering,org.admin,"DevOps,Stakeholder Management,AWS,System Design,Engineering Leadership"
u019,Bùi Thị Huy,huy.buithi@setafuture.onmicrosoft.com,Client Helios,Engineering Manager,planner.admin,"Engineering Leadership,Estimation,Agile,Risk Management,Stakeholder Management"
u020,Phan Hoàng Giang,giang.phanhoang@setafuture.onmicrosoft.com,Client Atlas,Engineering Manager,planner.admin,"Risk Management,Agile,Estimation,Engineering Leadership,Stakeholder Management"
u021,Phạm Trung Bình,binh.phamtrung@setafuture.onmicrosoft.com,R&D,Engineering Manager,planner.admin,"Agile,Engineering Leadership,Risk Management,Stakeholder Management,Estimation"
u022,Lý Thị Bình,binh.lythi@setafuture.onmicrosoft.com,SETA Internal,Engineering Manager,planner.admin,"Stakeholder Management,Agile,Estimation,Engineering Leadership,Risk Management"
u023,Bùi Văn Nam,nam.buivan@setafuture.onmicrosoft.com,Client Atlas,Engineering Manager,planner.admin,"Agile,Estimation,Engineering Leadership,Stakeholder Management,Risk Management"
u024,Đặng Thị Tuấn,tuan.dangthi@setafuture.onmicrosoft.com,Client Nova,Engineering Manager,planner.admin,"Estimation,Engineering Leadership,Stakeholder Management,Risk Management,Agile"
u025,Phạm Hữu Đức,duc.phamhuu@setafuture.onmicrosoft.com,Client Atlas,Engineering Manager,planner.admin,"Engineering Leadership,Estimation,Agile,Risk Management,Stakeholder Management"
u026,Bùi Hoàng Đức,duc.buihoang@setafuture.onmicrosoft.com,R&D,Tech Lead,planner.admin,"Engineering Leadership,PostgreSQL,React,TypeScript,Node.js"
u027,Trương Đình Nam,nam.truongdinh@setafuture.onmicrosoft.com,,Tech Lead,planner.admin,"Node.js,System Design,TypeScript,Engineering Leadership"
u028,Đặng Hữu Huy,huy.danghuu@setafuture.onmicrosoft.com,,Tech Lead,planner.admin,"System Design,Engineering Leadership,React,node"
u029,Đỗ Quốc Sơn,son.doquoc@setafuture.onmicrosoft.com,R&D,Tech Lead,planner.admin,"Node.js,TypeScript,System Design,Engineering Leadership,PostgreSQL"
u030,Lê Hữu Yến,yen.lehuu@setafuture.onmicrosoft.com,Client Nova,Tech Lead,planner.admin,"TypeScript,PostgreSQL,React,Node.js,System Design"
u031,Phạm Đình Chi,chi.phamdinh@setafuture.onmicrosoft.com,R&D,Tech Lead,planner.admin,"Engineering Leadership,PostgreSQL,TypeScript,System Design"
u032,Tô Đình Dũng,dung.todinh@setafuture.onmicrosoft.com,Client Helios,Tech Lead,planner.admin,"Node.js,React,TypeScript,PostgreSQL,System Design"
u033,Tô Văn Quân,quan.tovan@setafuture.onmicrosoft.com,Client Helios,Tech Lead,planner.admin,"React,System Design,Node.js,PostgreSQL"
u034,Ngô Hoàng Mai,mai.ngohoang@setafuture.onmicrosoft.com,SETA Internal,Software Architect,planner.admin,"gRPC,Kubernetes,AWS,System Design"
u035,Hồ Hoàng Quân,quan.hohoang@setafuture.onmicrosoft.com,Client Beta,Software Architect,planner.admin,"AWS,gRPC,Engineering Leadership,PostgreSQL,System Design"
u036,Trần Đình Cường,cuong.trandinh@setafuture.onmicrosoft.com,SETA Internal,Software Architect,planner.admin,"AWS,Engineering Leadership,gRPC,System Design,pg"
u037,Đỗ Quốc Anh,anh.doquoc@setafuture.onmicrosoft.com,R&D,Software Architect,planner.admin,"PostgreSQL,System Design,Engineering Leadership,AWS"
u038,Bùi Thị Minh,minh.buithi@setafuture.onmicrosoft.com,Client Atlas,Junior Frontend Developer,planner.contributor,"js,HTML,CSS"
u039,Hoàng Văn Hiếu,hieu.hoangvan@setafuture.onmicrosoft.com,Client Beta,Junior Frontend Developer,planner.contributor,"React,CSS,JavaScript"
u040,Vũ Quốc Châu,chau.vuquoc@setafuture.onmicrosoft.com,Client Atlas,Junior Frontend Developer,planner.contributor,"HTML,js"
u041,Phạm Hoàng Bảo,bao.phamhoang@setafuture.onmicrosoft.com,Client Atlas,Junior Frontend Developer,planner.contributor,"HTML,CSS,JavaScript"
u042,Nguyễn Đình Quân,quan.nguyendinh@setafuture.onmicrosoft.com,Client Atlas,Junior Frontend Developer,planner.contributor,"JavaScript,React,HTML"
u043,Bùi Văn Bình,binh.buivan@setafuture.onmicrosoft.com,Client Beta,Junior Frontend Developer,planner.contributor,"CSS,React,JavaScript"
u044,Trương Thị Dũng,dung.truongthi@setafuture.onmicrosoft.com,Client Atlas,Junior Frontend Developer,planner.contributor,"HTML,js,CSS"
u045,Mai Trung Hồng,hong.maitrung@setafuture.onmicrosoft.com,Client Atlas,Junior Frontend Developer,planner.contributor,"HTML,JavaScript"
u046,Phạm Thị Huy,huy.phamthi@setafuture.onmicrosoft.com,Client Atlas,Junior Frontend Developer,planner.contributor,"JavaScript,HTML"
u047,Hoàng Ngọc Tâm,tam.hoangngoc@setafuture.onmicrosoft.com,R&D,Junior Frontend Developer,planner.contributor,"HTML,JavaScript,CSS"
u048,Hồ Quốc Phương,phuong.hoquoc@setafuture.onmicrosoft.com,R&D,Junior Frontend Developer,planner.contributor,"React,js"
u049,Dương Quốc Dũng,dung.duongquoc@setafuture.onmicrosoft.com,Client Beta,Junior Frontend Developer,planner.contributor,"JavaScript,CSS,HTML"
u050,Đinh Hữu Khánh,khanh.dinhhuu@setafuture.onmicrosoft.com,,Junior Frontend Developer,planner.contributor,"HTML,CSS"
u051,Trương Hoàng Bảo,bao.truonghoang@setafuture.onmicrosoft.com,Client Beta,Junior Frontend Developer,planner.contributor,"JavaScript,HTML,React"
u052,Ngô Văn Hiếu,hieu.ngovan@setafuture.onmicrosoft.com,Client Nova,Mid Frontend Developer,planner.contributor,"js,React,Next.js,Cypress"
u053,Trần Thị Quân,quan.tranthi@setafuture.onmicrosoft.com,SETA Internal,Mid Frontend Developer,planner.contributor,"React,JavaScript,Next.js,Cypress,TypeScript"
u054,Đỗ Trung Phương,phuong.dotrung@setafuture.onmicrosoft.com,SETA Internal,Mid Frontend Developer,planner.contributor,"JavaScript,Next.js,TypeScript,Cypress,React"
u055,Phan Hoàng Anh,anh.phanhoang@setafuture.onmicrosoft.com,Client Atlas,Mid Frontend Developer,planner.contributor,"JavaScript,TypeScript,Next.js,Cypress"
u056,Lý Hoàng Lan,lan.lyhoang@setafuture.onmicrosoft.com,Client Beta,Mid Frontend Developer,planner.contributor,"TypeScript,React,Cypress,JavaScript"
u057,Mai Quốc Tâm,tam.maiquoc@setafuture.onmicrosoft.com,Client Helios,Mid Frontend Developer,planner.contributor,"TypeScript,Cypress,js,React,Next.js"
u058,Hoàng Hoàng Hiếu,hieu.hoanghoang@setafuture.onmicrosoft.com,Client Atlas,Mid Frontend Developer,planner.contributor,"React,Cypress,JavaScript,Next.js"
u059,Cao Hữu Phương,phuong.caohuu@setafuture.onmicrosoft.com,Client Nova,Mid Frontend Developer,planner.contributor,"React,TypeScript,Next.js,Cypress"
u060,Đoàn Đình Cường,cuong.doandinh@setafuture.onmicrosoft.com,Client Beta,Mid Frontend Developer,planner.contributor,"TypeScript,Cypress,React,JavaScript"
u061,Nguyễn Trung Giang,giang.nguyentrung@setafuture.onmicrosoft.com,SETA Internal,Mid Frontend Developer,planner.contributor,"Cypress,js,Next.js,React"
u062,Phan Quốc Bình,binh.phanquoc@setafuture.onmicrosoft.com,R&D,Mid Frontend Developer,planner.contributor,
u063,Đặng Văn Tuấn,tuan.dangvan@setafuture.onmicrosoft.com,SETA Internal,Mid Frontend Developer,planner.contributor,"React,Cypress,JavaScript,Next.js"
u064,Trương Trung Giang,giang.truongtrung@setafuture.onmicrosoft.com,Client Atlas,Mid Frontend Developer,planner.contributor,"JavaScript,TypeScript,React,Cypress"
u065,Ngô Quốc Chi,chi.ngoquoc@setafuture.onmicrosoft.com,Client Helios,Mid Frontend Developer,planner.contributor,"TypeScript,JavaScript,Cypress,Next.js"
u066,Lý Đình Anh,anh.lydinh@setafuture.onmicrosoft.com,,Mid Frontend Developer,planner.contributor,"React,JavaScript,Cypress,TypeScript,Next.js"
u067,Tô Trung Hải,hai.totrung@setafuture.onmicrosoft.com,SETA Internal,Mid Frontend Developer,planner.contributor,"React,Next.js,JavaScript,Cypress,TypeScript"
u068,Cao Đình Tuấn,tuan.caodinh@setafuture.onmicrosoft.com,R&D,Mid Frontend Developer,planner.contributor,"React,Next.js,TypeScript,js"
u069,Đinh Trung Lan,lan.dinhtrung@setafuture.onmicrosoft.com,Client Beta,Mid Frontend Developer,planner.contributor,"JavaScript,TypeScript,Next.js,Cypress,React"
u070,Đoàn Trung Mai,mai.doantrung@setafuture.onmicrosoft.com,Client Helios,Mid Frontend Developer,planner.contributor,"React,Next.js,JavaScript,Cypress"
u071,Mai Văn Sơn,son.maivan@setafuture.onmicrosoft.com,Client Atlas,Mid Frontend Developer,planner.contributor,"Cypress,React,Next.js,TypeScript,JavaScript"
u072,Dương Đình Dũng,dung.duongdinh@setafuture.onmicrosoft.com,SETA Internal,Senior Frontend Developer,planner.contributor,"Cypress,Design Systems,React,JavaScript,TypeScript,GraphQL,Next.js"
u073,Đặng Ngọc Quân,quan.dangngoc@setafuture.onmicrosoft.com,Client Beta,Senior Frontend Developer,planner.contributor,"ts,React,Design Systems,Next.js,Cypress,GraphQL"
u074,Đinh Hoàng Cường,cuong.dinhhoang@setafuture.onmicrosoft.com,R&D,Senior Frontend Developer,planner.contributor,"Next.js,React,Design Systems,TypeScript,JavaScript,Cypress"
u075,Dương Trung Hà,ha.duongtrung@setafuture.onmicrosoft.com,R&D,Senior Frontend Developer,planner.contributor,"Next.js,Cypress,Design Systems,TypeScript,GraphQL,JavaScript"
u076,Tô Văn Phương,phuong.tovan@setafuture.onmicrosoft.com,Client Nova,Senior Frontend Developer,planner.contributor,"JavaScript,Next.js,GraphQL,Design Systems,React"
u077,Nguyễn Hoàng Mai,mai.nguyenhoang@setafuture.onmicrosoft.com,,Senior Frontend Developer,planner.contributor,"TypeScript,GraphQL,Cypress,Next.js,Design Systems,React,JavaScript"
u078,Lê Hoàng Khánh,khanh.lehoang@setafuture.onmicrosoft.com,,Senior Frontend Developer,planner.contributor,"Next.js,Design Systems,JavaScript,Cypress,React,GraphQL"
u079,Trương Hoàng Tuấn,tuan.truonghoang@setafuture.onmicrosoft.com,Client Helios,Senior Frontend Developer,planner.contributor,"JavaScript,Cypress,TypeScript,React,GraphQL,Design Systems,Next.js"
u080,Cao Thị Tâm,tam.caothi@setafuture.onmicrosoft.com,,Senior Frontend Developer,planner.contributor,"Design Systems,TypeScript,React,Next.js,GraphQL,JavaScript,Cypress"
u081,Trần Trung Hùng,hung.trantrung@setafuture.onmicrosoft.com,Client Atlas,Senior Frontend Developer,planner.contributor,"Cypress,Next.js,JavaScript,GraphQL,ts,Design Systems"
u082,Bùi Ngọc Linh,linh.buingoc@setafuture.onmicrosoft.com,Client Nova,Junior Backend Developer,planner.contributor,"TypeScript,Node.js,PostgreSQL"
u083,Vũ Trung An,an.vutrung@setafuture.onmicrosoft.com,SETA Internal,Junior Backend Developer,planner.contributor,"Node.js,TypeScript,PostgreSQL"
u084,Lê Hữu Hiếu,hieu.lehuu@setafuture.onmicrosoft.com,Client Helios,Junior Backend Developer,planner.contributor,"PostgreSQL,TypeScript,Node.js"
u085,Mai Hoàng Phương,phuong.maihoang@setafuture.onmicrosoft.com,R&D,Junior Backend Developer,planner.contributor,"PostgreSQL,TypeScript"
u086,Trương Hữu Hải,hai.truonghuu@setafuture.onmicrosoft.com,Client Atlas,Junior Backend Developer,planner.contributor,"pg,TypeScript,Node.js"
u087,Ngô Hoàng Mai,mai.ngohoang2@setafuture.onmicrosoft.com,Client Helios,Junior Backend Developer,planner.contributor,"Node.js,PostgreSQL"
u088,Bùi Đình Hải,hai.buidinh@setafuture.onmicrosoft.com,Client Helios,Junior Backend Developer,planner.contributor,"PostgreSQL,Node.js"
u089,Trương Hoàng Sơn,son.truonghoang@setafuture.onmicrosoft.com,Client Beta,Junior Backend Developer,planner.contributor,"Node.js,PostgreSQL,TypeScript"
u090,Tô Văn Quân,quan.tovan2@setafuture.onmicrosoft.com,Client Atlas,Junior Backend Developer,planner.contributor,"TypeScript,Node.js,postgres"
u091,Hồ Hoàng Linh,linh.hohoang@setafuture.onmicrosoft.com,SETA Internal,Junior Backend Developer,planner.contributor,
u092,Đặng Ngọc Tuấn,tuan.dangngoc@setafuture.onmicrosoft.com,,Junior Backend Developer,planner.contributor,"PostgreSQL,TypeScript"
u093,Tô Văn Chi,chi.tovan@setafuture.onmicrosoft.com,Client Nova,Junior Backend Developer,planner.contributor,
u094,Lê Văn Hiếu,hieu.levan@setafuture.onmicrosoft.com,Client Beta,Junior Backend Developer,planner.contributor,"TypeScript,PostgreSQL,Node.js"
u095,Phạm Hữu Hiếu,hieu.phamhuu@setafuture.onmicrosoft.com,Client Beta,Mid Backend Developer,planner.contributor,"Node.js,Docker,Redis,PostgreSQL"
u096,Tô Đình Thảo,thao.todinh@setafuture.onmicrosoft.com,Client Nova,Mid Backend Developer,planner.contributor,"Redis,TypeScript,Docker,postgres"
u097,Dương Trung Mai,mai.duongtrung@setafuture.onmicrosoft.com,Client Atlas,Mid Backend Developer,planner.contributor,"PostgreSQL,Node.js,TypeScript,Docker"
u098,Hoàng Trung Đức,duc.hoangtrung@setafuture.onmicrosoft.com,Client Beta,Mid Backend Developer,planner.contributor,"PostgreSQL,Docker,Node.js,Redis"
u099,Ngô Thị Châu,chau.ngothi@setafuture.onmicrosoft.com,Client Helios,Mid Backend Developer,planner.contributor,"ts,Docker,Redis,PostgreSQL"
u100,Nguyễn Quốc Hùng,hung.nguyenquoc@setafuture.onmicrosoft.com,Client Atlas,Mid Backend Developer,planner.contributor,"Node.js,TypeScript,Docker,Redis,PostgreSQL"
u101,Trương Thị Hùng,hung.truongthi@setafuture.onmicrosoft.com,R&D,Mid Backend Developer,planner.contributor,"Node.js,Redis,TypeScript,PostgreSQL"
u102,Ngô Thị Châu,chau.ngothi2@setafuture.onmicrosoft.com,Client Nova,Mid Backend Developer,planner.contributor,"Redis,Docker,TypeScript,PostgreSQL"
u103,Đoàn Thị Trang,trang.doanthi@setafuture.onmicrosoft.com,R&D,Mid Backend Developer,planner.contributor,"TypeScript,Redis,PostgreSQL,Node.js"
u104,Tô Thị Phương,phuong.tothi@setafuture.onmicrosoft.com,R&D,Mid Backend Developer,planner.contributor,"PostgreSQL,Node.js,Docker,TypeScript,Redis"
u105,Vũ Hữu Sơn,son.vuhuu@setafuture.onmicrosoft.com,Client Nova,Mid Backend Developer,planner.contributor,"Redis,Node.js,PostgreSQL,TypeScript,Docker"
u106,Lý Hoàng Châu,chau.lyhoang@setafuture.onmicrosoft.com,Client Beta,Mid Backend Developer,planner.contributor,"Docker,Node.js,Redis,postgres"
u107,Lê Văn Khánh,khanh.levan@setafuture.onmicrosoft.com,R&D,Mid Backend Developer,planner.contributor,"PostgreSQL,Node.js,Redis,TypeScript,Docker"
u108,Đoàn Đình Dũng,dung.doandinh@setafuture.onmicrosoft.com,Client Beta,Mid Backend Developer,planner.contributor,"Redis,Docker,Node.js,PostgreSQL"
u109,Phạm Hữu Nam,nam.phamhuu@setafuture.onmicrosoft.com,Client Beta,Mid Backend Developer,planner.contributor,"Node.js,PostgreSQL,Redis,TypeScript,Docker"
u110,Lê Thị Minh,minh.lethi@setafuture.onmicrosoft.com,,Mid Backend Developer,planner.contributor,"Node.js,PostgreSQL,TypeScript,Docker"
u111,Tô Văn Bình,binh.tovan@setafuture.onmicrosoft.com,SETA Internal,Mid Backend Developer,planner.contributor,
u112,Lê Đình Huy,huy.ledinh@setafuture.onmicrosoft.com,,Mid Backend Developer,planner.contributor,"Node.js,Docker,PostgreSQL,TypeScript,Redis"
u113,Phan Trung Chi,chi.phantrung@setafuture.onmicrosoft.com,SETA Internal,Mid Backend Developer,planner.contributor,"TypeScript,PostgreSQL,Node.js,Docker,Redis"
u114,Đoàn Đình Dũng,dung.doandinh2@setafuture.onmicrosoft.com,Client Beta,Mid Backend Developer,planner.contributor,"Redis,TypeScript,Node.js,PostgreSQL"
u115,Phan Đình Anh,anh.phandinh@setafuture.onmicrosoft.com,Client Nova,Mid Backend Developer,planner.contributor,"PostgreSQL,Docker,Redis,TypeScript"
u116,Đặng Hữu Linh,linh.danghuu@setafuture.onmicrosoft.com,Client Helios,Mid Backend Developer,planner.contributor,"TypeScript,Docker,PostgreSQL,Node.js,Redis"
u117,Trương Hữu Tuấn,tuan.truonghuu@setafuture.onmicrosoft.com,,Mid Backend Developer,planner.contributor,"Docker,PostgreSQL,Node.js,TypeScript"
u118,Tô Thị Yến,yen.tothi@setafuture.onmicrosoft.com,Client Atlas,Mid Backend Developer,planner.contributor,"Redis,Node.js,Docker,postgres,TypeScript"
u119,Bùi Hữu An,an.buihuu@setafuture.onmicrosoft.com,Client Helios,Mid Backend Developer,planner.contributor,"TypeScript,pg,Redis,Docker"
u120,Đặng Đình Thảo,thao.dangdinh@setafuture.onmicrosoft.com,Client Atlas,Mid Backend Developer,planner.contributor,"TypeScript,PostgreSQL,Redis,Node.js,Docker"
u121,Mai Trung Hiếu,hieu.maitrung@setafuture.onmicrosoft.com,R&D,Senior Backend Developer,planner.contributor,"Kafka,AWS,GraphQL,Docker,PostgreSQL,TypeScript"
u122,Đỗ Ngọc Cường,cuong.dongoc@setafuture.onmicrosoft.com,,Senior Backend Developer,planner.contributor,"GraphQL,PostgreSQL,AWS,Node.js,Kafka"
u123,Đỗ Văn Lan,lan.dovan@setafuture.onmicrosoft.com,Client Atlas,Senior Backend Developer,planner.contributor,"Docker,Kafka,PostgreSQL,GraphQL,TypeScript,Node.js"
u124,Tô Ngọc Tâm,tam.tongoc@setafuture.onmicrosoft.com,R&D,Senior Backend Developer,planner.contributor,"Node.js,PostgreSQL,Docker,Kafka,TypeScript,GraphQL,AWS"
u125,Dương Đình Cường,cuong.duongdinh@setafuture.onmicrosoft.com,SETA Internal,Senior Backend Developer,planner.contributor,"Docker,AWS,TypeScript,PostgreSQL,Kafka,GraphQL,Node.js"
u126,Lý Văn Hà,ha.lyvan@setafuture.onmicrosoft.com,SETA Internal,Senior Backend Developer,planner.contributor,"PostgreSQL,Kafka,Docker,AWS,TypeScript,Node.js"
u127,Hoàng Hữu Bình,binh.hoanghuu@setafuture.onmicrosoft.com,Client Helios,Senior Backend Developer,planner.contributor,"AWS,PostgreSQL,Docker,GraphQL,Kafka,TypeScript"
u128,Lý Thị Quân,quan.lythi@setafuture.onmicrosoft.com,R&D,Senior Backend Developer,planner.contributor,"Node.js,Docker,AWS,Kafka,TypeScript,GraphQL"
u129,Đặng Hữu Tâm,tam.danghuu@setafuture.onmicrosoft.com,Client Nova,Senior Backend Developer,planner.contributor,"Node.js,GraphQL,Docker,AWS,TypeScript,PostgreSQL"
u130,Phan Ngọc Cường,cuong.phanngoc@setafuture.onmicrosoft.com,Client Beta,Senior Backend Developer,planner.contributor,"Kafka,TypeScript,Docker,AWS,PostgreSQL"
u131,Ngô Hữu Linh,linh.ngohuu@setafuture.onmicrosoft.com,SETA Internal,Senior Backend Developer,planner.contributor,"Docker,GraphQL,PostgreSQL,Node.js,TypeScript"
u132,Đặng Thị Phương,phuong.dangthi@setafuture.onmicrosoft.com,R&D,Senior Backend Developer,planner.contributor,"TypeScript,Kafka,AWS,node,GraphQL"
u133,Lê Ngọc Châu,chau.lengoc@setafuture.onmicrosoft.com,,Senior Backend Developer,planner.contributor,"Docker,AWS,TypeScript,PostgreSQL,node,Kafka,GraphQL"
u134,Nguyễn Hữu Phương,phuong.nguyenhuu@setafuture.onmicrosoft.com,Client Beta,Junior Fullstack Developer,planner.contributor,"React,TypeScript,Node.js"
u135,Lý Quốc Linh,linh.lyquoc@setafuture.onmicrosoft.com,Client Nova,Junior Fullstack Developer,planner.contributor,"TypeScript,Node.js,React"
u136,Phạm Trung Bảo,bao.phamtrung@setafuture.onmicrosoft.com,,Junior Fullstack Developer,planner.contributor,"React,TypeScript,Node.js"
u137,Đỗ Ngọc Anh,anh.dongoc@setafuture.onmicrosoft.com,Client Beta,Junior Fullstack Developer,planner.contributor,
u138,Đinh Quốc Mai,mai.dinhquoc@setafuture.onmicrosoft.com,Client Beta,Junior Fullstack Developer,planner.contributor,"React,Node.js"
u139,Mai Quốc Anh,anh.maiquoc@setafuture.onmicrosoft.com,Client Nova,Junior Fullstack Developer,planner.contributor,"React,TypeScript,Node.js"
u140,Ngô Ngọc Hùng,hung.ngongoc@setafuture.onmicrosoft.com,Client Beta,Junior Fullstack Developer,planner.contributor,"TypeScript,Node.js,React"
u141,Bùi Hoàng Hồng,hong.buihoang@setafuture.onmicrosoft.com,Client Helios,Junior Fullstack Developer,planner.contributor,"React,TypeScript,Node.js"
u142,Lý Quốc Nam,nam.lyquoc@setafuture.onmicrosoft.com,Client Beta,Mid Fullstack Developer,planner.contributor,"React,PostgreSQL,TypeScript,Node.js"
u143,Vũ Hoàng Chi,chi.vuhoang@setafuture.onmicrosoft.com,,Mid Fullstack Developer,planner.contributor,"React,postgres,Docker,TypeScript"
u144,Mai Ngọc Linh,linh.maingoc@setafuture.onmicrosoft.com,SETA Internal,Mid Fullstack Developer,planner.contributor,"PostgreSQL,TypeScript,React,Node.js"
u145,Nguyễn Quốc Bình,binh.nguyenquoc@setafuture.onmicrosoft.com,SETA Internal,Mid Fullstack Developer,planner.contributor,"React,Node.js,TypeScript,PostgreSQL"
u146,Bùi Ngọc Hồng,hong.buingoc@setafuture.onmicrosoft.com,Client Beta,Mid Fullstack Developer,planner.contributor,"TypeScript,React,Docker,pg"
u147,Nguyễn Hoàng Trang,trang.nguyenhoang@setafuture.onmicrosoft.com,Client Atlas,Mid Fullstack Developer,planner.contributor,"PostgreSQL,Docker,TypeScript,Node.js"
u148,Đinh Ngọc Hà,ha.dinhngoc@setafuture.onmicrosoft.com,Client Beta,Mid Fullstack Developer,planner.contributor,"Docker,PostgreSQL,Node.js,React"
u149,Mai Văn Anh,anh.maivan@setafuture.onmicrosoft.com,,Mid Fullstack Developer,planner.contributor,"PostgreSQL,React,Node.js,Docker"
u150,Mai Văn Hà,ha.maivan@setafuture.onmicrosoft.com,Client Helios,Mid Fullstack Developer,planner.contributor,"React,PostgreSQL,TypeScript,Docker"
u151,Đặng Ngọc Chi,chi.dangngoc@setafuture.onmicrosoft.com,Client Atlas,Mid Fullstack Developer,planner.contributor,"Node.js,PostgreSQL,TypeScript,Docker"
u152,Trương Ngọc Nam,nam.truongngoc@setafuture.onmicrosoft.com,,Mid Fullstack Developer,planner.contributor,"TypeScript,React,Node.js,Docker"
u153,Phạm Ngọc Linh,linh.phamngoc@setafuture.onmicrosoft.com,Client Helios,Senior Fullstack Developer,planner.contributor,"React,postgres,AWS,Docker,GraphQL"
u154,Đoàn Thị Trang,trang.doanthi2@setafuture.onmicrosoft.com,Client Nova,Senior Fullstack Developer,planner.contributor,"Node.js,React,Docker,AWS,TypeScript,PostgreSQL"
u155,Trương Thị Hùng,hung.truongthi2@setafuture.onmicrosoft.com,Client Nova,Senior Fullstack Developer,planner.contributor,
u156,Bùi Quốc Hồng,hong.buiquoc@setafuture.onmicrosoft.com,Client Helios,Senior Fullstack Developer,planner.contributor,"AWS,Node.js,PostgreSQL,Docker,GraphQL"
u157,Nguyễn Thị Minh,minh.nguyenthi@setafuture.onmicrosoft.com,,Senior Fullstack Developer,planner.contributor,"TypeScript,Node.js,Docker,GraphQL,PostgreSQL,AWS,React"
u158,Bùi Văn Hùng,hung.buivan@setafuture.onmicrosoft.com,R&D,Senior Fullstack Developer,planner.contributor,"Node.js,Docker,TypeScript,GraphQL,AWS,pg,React"
u159,Trần Hoàng Huy,huy.tranhoang@setafuture.onmicrosoft.com,Client Nova,Senior Fullstack Developer,planner.contributor,"GraphQL,Docker,Node.js,AWS,PostgreSQL,TypeScript,React"
u160,Vũ Ngọc Chi,chi.vungoc@setafuture.onmicrosoft.com,Client Beta,Junior Mobile Developer,planner.contributor,"React Native,iOS"
u161,Trương Văn Tâm,tam.truongvan@setafuture.onmicrosoft.com,SETA Internal,Junior Mobile Developer,planner.contributor,"ts,React Native"
u162,Đinh Trung Hùng,hung.dinhtrung@setafuture.onmicrosoft.com,Client Beta,Junior Mobile Developer,planner.contributor,"React Native,TypeScript"
u163,Trần Hoàng Đức,duc.tranhoang@setafuture.onmicrosoft.com,Client Beta,Mid Mobile Developer,planner.contributor,"Android,TypeScript,iOS,Swift"
u164,Hoàng Đình Sơn,son.hoangdinh@setafuture.onmicrosoft.com,Client Atlas,Mid Mobile Developer,planner.contributor,"TypeScript,Android,Swift,iOS"
u165,Đặng Trung Giang,giang.dangtrung@setafuture.onmicrosoft.com,,Mid Mobile Developer,planner.contributor,"ts,Android,React Native,Swift,iOS"
u166,Đỗ Hoàng Huy,huy.dohoang@setafuture.onmicrosoft.com,,Mid Mobile Developer,planner.contributor,"React Native,iOS,Swift,Android,TypeScript"
u167,Lê Quốc Lan,lan.lequoc@setafuture.onmicrosoft.com,Client Atlas,Senior Mobile Developer,planner.contributor,"iOS,Kotlin,SwiftUI,Android,Jetpack Compose"
u168,Mai Hoàng Cường,cuong.maihoang@setafuture.onmicrosoft.com,Client Beta,Senior Mobile Developer,planner.contributor,"Swift,SwiftUI,Android,React Native,Kotlin,Jetpack Compose,iOS"
u169,Nguyễn Thị Minh,minh.nguyenthi2@setafuture.onmicrosoft.com,Client Nova,Senior Mobile Developer,planner.contributor,"iOS,Swift,SwiftUI,React Native,Kotlin,Android,Jetpack Compose"
u170,Phạm Đình Lan,lan.phamdinh@setafuture.onmicrosoft.com,SETA Internal,DevOps Engineer,planner.contributor,"Docker,Terraform,AWS,CI/CD"
u171,Vũ Trung Hải,hai.vutrung@setafuture.onmicrosoft.com,,DevOps Engineer,planner.contributor,"AWS,Terraform,CI/CD,Docker"
u172,Hoàng Thị Hà,ha.hoangthi@setafuture.onmicrosoft.com,Client Nova,DevOps Engineer,planner.contributor,"Docker,Terraform,AWS,Kubernetes"
u173,Trương Hoàng Phương,phuong.truonghoang@setafuture.onmicrosoft.com,Client Atlas,DevOps Engineer,planner.contributor,"Terraform,Docker,Kubernetes,CI/CD,AWS"
u174,Bùi Trung Bảo,bao.buitrung@setafuture.onmicrosoft.com,Client Beta,DevOps Engineer,planner.contributor,"CI/CD,Kubernetes,Terraform,Docker"
u175,Đinh Ngọc Phương,phuong.dinhngoc@setafuture.onmicrosoft.com,Client Beta,DevOps Engineer,planner.contributor,"AWS,Docker,Kubernetes,Terraform,CI/CD"
u176,Mai Hoàng Dũng,dung.maihoang@setafuture.onmicrosoft.com,Client Nova,Senior DevOps Engineer,planner.contributor,"CI/CD,GitHub Actions,ArgoCD,AWS,Terraform"
u177,Ngô Ngọc Hồng,hong.ngongoc@setafuture.onmicrosoft.com,Client Atlas,Senior DevOps Engineer,planner.contributor,"Terraform,AWS,Helm,k8s,CI/CD"
u178,Vũ Thị Cường,cuong.vuthi@setafuture.onmicrosoft.com,SETA Internal,Senior DevOps Engineer,planner.contributor,"Helm,ArgoCD,Kubernetes,AWS,CI/CD"
u179,Vũ Thị Bảo,bao.vuthi@setafuture.onmicrosoft.com,Client Beta,Senior DevOps Engineer,planner.contributor,"Helm,GitHub Actions,Terraform,ArgoCD,AWS,CI/CD"
u180,Bùi Đình Hà,ha.buidinh@setafuture.onmicrosoft.com,Client Beta,Senior DevOps Engineer,planner.contributor,"GitHub Actions,Terraform,ArgoCD,Helm,AWS,CI/CD,Kubernetes"
u181,Đoàn Thị Hồng,hong.doanthi@setafuture.onmicrosoft.com,Client Nova,Site Reliability Engineer,planner.contributor,"Prometheus,Grafana,Linux,Kubernetes,Monitoring"
u182,Phạm Đình Cường,cuong.phamdinh@setafuture.onmicrosoft.com,Client Helios,Site Reliability Engineer,planner.contributor,"Prometheus,Linux,Grafana,Monitoring"
u183,Trần Ngọc Hồng,hong.tranngoc@setafuture.onmicrosoft.com,Client Helios,Site Reliability Engineer,planner.contributor,"Monitoring,Prometheus,OpenTelemetry,Grafana,Kubernetes"
u184,Dương Đình Châu,chau.duongdinh@setafuture.onmicrosoft.com,Client Nova,Site Reliability Engineer,planner.contributor,"Prometheus,OpenTelemetry,Linux,Kubernetes,Monitoring"
u185,Lý Quốc Trang,trang.lyquoc@setafuture.onmicrosoft.com,,Cloud Engineer,planner.contributor,"GCP,Azure,CloudFront,Terraform"
u186,Trương Văn Thảo,thao.truongvan@setafuture.onmicrosoft.com,SETA Internal,Cloud Engineer,planner.contributor,"AWS,Terraform,GCP,CloudFront,Azure"
u187,Dương Hoàng Châu,chau.duonghoang@setafuture.onmicrosoft.com,Client Beta,Cloud Engineer,planner.contributor,"Azure,AWS,CloudFront,GCP,Terraform"
u188,Đoàn Hữu Bình,binh.doanhuu@setafuture.onmicrosoft.com,Client Nova,Cloud Engineer,planner.contributor,"Terraform,AWS,Azure,GCP,CloudFront"
u189,Trần Ngọc Thảo,thao.tranngoc@setafuture.onmicrosoft.com,SETA Internal,Data Engineer,planner.contributor,"PostgreSQL,Kafka,Spark,Airflow,Python"
u190,Mai Văn Sơn,son.maivan2@setafuture.onmicrosoft.com,,Data Engineer,planner.contributor,"Python,PostgreSQL,Spark,Airflow,Kafka"
u191,Nguyễn Hữu Tuấn,tuan.nguyenhuu@setafuture.onmicrosoft.com,Client Beta,Data Engineer,planner.contributor,"Spark,Airflow,Python,Kafka,PostgreSQL"
u192,Hồ Ngọc Phương,phuong.hongoc@setafuture.onmicrosoft.com,Client Helios,Senior Data Engineer,planner.contributor,"dbt,BigQuery,postgres,Kafka,Spark,Python"
u193,Ngô Trung Hà,ha.ngotrung@setafuture.onmicrosoft.com,,Senior Data Engineer,planner.contributor,"dbt,Airflow,Spark,PostgreSQL,Kafka,Python,BigQuery"
u194,Lê Trung Tuấn,tuan.letrung@setafuture.onmicrosoft.com,,Data Scientist,planner.contributor,"Spark,NLP,Python,ML"
u195,Nguyễn Trung Hồng,hong.nguyentrung@setafuture.onmicrosoft.com,Client Helios,Data Scientist,planner.contributor,"NLP,Spark,ML,Python,Feature Engineering"
u196,Phạm Đình Mai,mai.phamdinh@setafuture.onmicrosoft.com,Client Beta,Senior Data Scientist,planner.contributor,"Spark,TensorFlow,Python,PyTorch,ML"
u197,Trần Trung Hà,ha.trantrung@setafuture.onmicrosoft.com,Client Nova,Senior Data Scientist,planner.contributor,"PyTorch,Python,Feature Engineering,NLP,Spark,TensorFlow,ML"
u198,Nguyễn Văn Tuấn,tuan.nguyenvan@setafuture.onmicrosoft.com,Client Nova,ML Engineer,planner.contributor,"Python,TensorFlow,ML,PyTorch,MLflow"
u199,Phan Đình Hải,hai.phandinh@setafuture.onmicrosoft.com,Client Helios,ML Engineer,planner.contributor,"PyTorch,TensorFlow,ML,MLflow,Python"
u200,Lý Hữu Bình,binh.lyhuu@setafuture.onmicrosoft.com,Client Nova,ML Engineer,planner.contributor,"MLflow,PyTorch,TensorFlow,ML"
u201,Nguyễn Hữu Bảo,bao.nguyenhuu@setafuture.onmicrosoft.com,Client Nova,MLOps Engineer,planner.contributor,"MLflow,AWS,Docker,MLOps,Python"
u202,Cao Hữu Giang,giang.caohuu@setafuture.onmicrosoft.com,,MLOps Engineer,planner.contributor,
u203,Vũ Ngọc Giang,giang.vungoc@setafuture.onmicrosoft.com,Client Beta,AI Engineer,planner.contributor,"Prompt Engineering,LLM,LangChain,RAG"
u204,Trương Đình Phương,phuong.truongdinh@setafuture.onmicrosoft.com,Client Atlas,AI Engineer,planner.contributor,"LLM,OpenAI SDK,RAG,LangChain,Prompt Engineering"
u205,Hồ Đình Hà,ha.hodinh@setafuture.onmicrosoft.com,,AI Engineer,planner.contributor,"RAG,OpenAI SDK,Anthropic SDK,LLM"
u206,Cao Thị Giang,giang.caothi@setafuture.onmicrosoft.com,Client Beta,Generative AI Engineer,planner.contributor,"LLM,Hugging Face,Vector Databases,Fine-tuning"
u207,Vũ Đình Nam,nam.vudinh@setafuture.onmicrosoft.com,SETA Internal,Generative AI Engineer,planner.contributor,"Hugging Face,RAG,LLM,Vector Databases,Fine-tuning"
u208,Hoàng Hữu Nam,nam.hoanghuu@setafuture.onmicrosoft.com,,Junior QA Engineer,planner.contributor,"TypeScript,API Testing,Cypress"
u209,Tô Hữu Cường,cuong.tohuu@setafuture.onmicrosoft.com,SETA Internal,Junior QA Engineer,planner.contributor,"Cypress,TypeScript,API Testing"
u210,Vũ Hữu Châu,chau.vuhuu@setafuture.onmicrosoft.com,Client Helios,Junior QA Engineer,planner.contributor,"Cypress,TypeScript"
u211,Phan Trung Châu,chau.phantrung@setafuture.onmicrosoft.com,Client Nova,Junior QA Engineer,planner.contributor,"API Testing,TypeScript,Cypress"
u212,Hoàng Văn Tuấn,tuan.hoangvan@setafuture.onmicrosoft.com,Client Nova,Junior QA Engineer,planner.contributor,"Cypress,API Testing"
u213,Hoàng Văn Khánh,khanh.hoangvan@setafuture.onmicrosoft.com,R&D,Junior QA Engineer,planner.contributor,"TypeScript,Cypress,API Testing"
u214,Phan Quốc Tâm,tam.phanquoc@setafuture.onmicrosoft.com,R&D,QA Engineer,planner.contributor,"API Testing,TypeScript,Cypress,Postman,Playwright"
u215,Mai Quốc Thảo,thao.maiquoc@setafuture.onmicrosoft.com,Client Atlas,QA Engineer,planner.contributor,"TypeScript,Playwright,API Testing,Postman"
u216,Đoàn Đình Anh,anh.doandinh@setafuture.onmicrosoft.com,Client Helios,QA Engineer,planner.contributor,"Playwright,ts,API Testing,Postman"
u217,Ngô Ngọc Chi,chi.ngongoc@setafuture.onmicrosoft.com,Client Nova,QA Engineer,planner.contributor,"TypeScript,Postman,Cypress,API Testing"
u218,Lê Hoàng Tâm,tam.lehoang@setafuture.onmicrosoft.com,Client Beta,QA Engineer,planner.contributor,"Playwright,Postman,Cypress,TypeScript"
u219,Mai Hữu Nam,nam.maihuu@setafuture.onmicrosoft.com,SETA Internal,QA Engineer,planner.contributor,"API Testing,TypeScript,Cypress,Postman,Playwright"
u220,Nguyễn Trung Lan,lan.nguyentrung@setafuture.onmicrosoft.com,,QA Engineer,planner.contributor,
u221,Mai Ngọc Sơn,son.maingoc@setafuture.onmicrosoft.com,Client Atlas,QA Engineer,planner.contributor,"Postman,API Testing,TypeScript,Cypress"
u222,Vũ Đình Dũng,dung.vudinh@setafuture.onmicrosoft.com,Client Helios,Senior QA Engineer,planner.contributor,"Cypress,Test Automation,Playwright,JMeter,API Testing,TypeScript"
u223,Đoàn Thị Bảo,bao.doanthi@setafuture.onmicrosoft.com,SETA Internal,Senior QA Engineer,planner.contributor,"JMeter,Test Automation,API Testing,Cypress,Postman,TypeScript,Playwright"
u224,Cao Thị Hà,ha.caothi@setafuture.onmicrosoft.com,SETA Internal,Senior QA Engineer,planner.contributor,"Test Automation,Postman,JMeter,TypeScript,Playwright"
u225,Trương Văn Tuấn,tuan.truongvan@setafuture.onmicrosoft.com,Client Atlas,Senior QA Engineer,planner.contributor,"Postman,Test Automation,API Testing,JMeter,Playwright,TypeScript,Cypress"
u226,Đặng Hữu Trang,trang.danghuu@setafuture.onmicrosoft.com,Client Nova,Senior QA Engineer,planner.contributor,"TypeScript,Postman,Cypress,Test Automation,JMeter,Playwright"
u227,Đoàn Ngọc Quân,quan.doanngoc@setafuture.onmicrosoft.com,Client Helios,QA Automation Engineer,planner.contributor,
u228,Ngô Đình Chi,chi.ngodinh@setafuture.onmicrosoft.com,Client Beta,QA Automation Engineer,planner.contributor,"TypeScript,Playwright,Robot Framework,Cypress"
u229,Trương Quốc Bảo,bao.truongquoc@setafuture.onmicrosoft.com,R&D,QA Automation Engineer,planner.contributor,"Selenium,Playwright,Test Automation,Cypress,TypeScript"
u230,Dương Hữu An,an.duonghuu@setafuture.onmicrosoft.com,SETA Internal,QA Automation Engineer,planner.contributor,"Playwright,Cypress,TypeScript,Selenium"
u231,Đoàn Quốc Giang,giang.doanquoc@setafuture.onmicrosoft.com,Client Helios,QA Automation Engineer,planner.contributor,"Playwright,Cypress,Robot Framework,TypeScript"
u232,Nguyễn Thị Khánh,khanh.nguyenthi@setafuture.onmicrosoft.com,SETA Internal,QA Lead,planner.contributor,"Playwright,Cypress,Stakeholder Management,Risk Management"
u233,Phan Thị Đức,duc.phanthi@setafuture.onmicrosoft.com,R&D,QA Lead,planner.contributor,"Playwright,Stakeholder Management,Cypress,Test Automation,Risk Management"
u234,Trương Đình Linh,linh.truongdinh@setafuture.onmicrosoft.com,Client Atlas,Security Engineer,planner.contributor,"OWASP,IAM,SAST,DAST"
u235,Mai Quốc Quân,quan.maiquoc@setafuture.onmicrosoft.com,Client Helios,Security Engineer,planner.contributor,"SAST,IAM,OWASP,Security"
u236,Hoàng Ngọc Linh,linh.hoangngoc@setafuture.onmicrosoft.com,SETA Internal,Security Engineer,planner.contributor,"OWASP,SAST,Security,DAST"
u237,Đoàn Đình Yến,yen.doandinh@setafuture.onmicrosoft.com,,Security Engineer,planner.contributor,"Security,OWASP,IAM,DAST,SAST"
u238,Cao Thị Huy,huy.caothi@setafuture.onmicrosoft.com,R&D,Senior Security Engineer,planner.contributor,
u239,Phạm Hoàng Giang,giang.phamhoang@setafuture.onmicrosoft.com,Client Helios,Security Lead,planner.contributor,"Risk Management,Zero Trust,ISO 27001,Security,SOC 2"
u240,Đoàn Văn Bình,binh.doanvan@setafuture.onmicrosoft.com,,Project Manager,planner.contributor,"Stakeholder Management,JIRA,Agile,Risk Management,Scrum"
u241,Mai Hữu Tuấn,tuan.maihuu@setafuture.onmicrosoft.com,Client Atlas,Project Manager,planner.contributor,"JIRA,Risk Management,Agile,Scrum"
u242,Dương Đình Hùng,hung.duongdinh@setafuture.onmicrosoft.com,R&D,Project Manager,planner.contributor,"Risk Management,Stakeholder Management,Scrum,JIRA"
u243,Bùi Hoàng Hồng,hong.buihoang2@setafuture.onmicrosoft.com,,Project Manager,planner.contributor,"Stakeholder Management,Agile,JIRA,Scrum,Risk Management"
u244,Trương Hoàng Mai,mai.truonghoang@setafuture.onmicrosoft.com,SETA Internal,Project Manager,planner.contributor,"Risk Management,Stakeholder Management,Agile,Scrum,JIRA"
u245,Đinh Ngọc Huy,huy.dinhngoc@setafuture.onmicrosoft.com,SETA Internal,Project Manager,planner.contributor,"Risk Management,Stakeholder Management,JIRA,Agile"
u246,Trương Văn Trang,trang.truongvan@setafuture.onmicrosoft.com,Client Beta,Project Manager,planner.contributor,"Risk Management,JIRA,Agile,Stakeholder Management"
u247,Trần Ngọc Lan,lan.tranngoc@setafuture.onmicrosoft.com,Client Atlas,Project Manager,planner.contributor,"Stakeholder Management,Scrum,Risk Management,JIRA,Agile"
u248,Ngô Trung Huy,huy.ngotrung@setafuture.onmicrosoft.com,Client Nova,Project Manager,planner.contributor,"JIRA,Agile,Risk Management,Scrum"
u249,Lý Ngọc Minh,minh.lyngoc@setafuture.onmicrosoft.com,R&D,Senior Project Manager,planner.contributor,"Agile,Portfolio Management,Stakeholder Management,JIRA,Risk Management,Scrum"
u250,Ngô Đình Bảo,bao.ngodinh@setafuture.onmicrosoft.com,Client Nova,Senior Project Manager,planner.contributor,"Agile,Scrum,JIRA,Portfolio Management,Estimation"
u251,Đinh Văn Linh,linh.dinhvan@setafuture.onmicrosoft.com,Client Beta,Senior Project Manager,planner.contributor,"Portfolio Management,Stakeholder Management,Risk Management,Agile,JIRA,Estimation"
u252,Phan Văn Anh,anh.phanvan@setafuture.onmicrosoft.com,,Senior Project Manager,planner.contributor,"Estimation,Risk Management,JIRA,Scrum,Agile,Portfolio Management"
u253,Ngô Trung Cường,cuong.ngotrung@setafuture.onmicrosoft.com,Client Beta,Delivery Manager,planner.contributor,"Stakeholder Management,Agile,Risk Management,Resource Planning"
u254,Mai Trung Linh,linh.maitrung@setafuture.onmicrosoft.com,Client Nova,Delivery Manager,planner.contributor,"Agile,Estimation,Stakeholder Management,Risk Management,Resource Planning"
u255,Lý Đình Đức,duc.lydinh@setafuture.onmicrosoft.com,R&D,Scrum Master,planner.contributor,"Stakeholder Management,Scrum,Kanban,Agile"
u256,Hoàng Văn Hùng,hung.hoangvan@setafuture.onmicrosoft.com,SETA Internal,Scrum Master,planner.contributor,"Kanban,Scrum,Stakeholder Management,Agile"
u257,Phạm Hoàng Hà,ha.phamhoang@setafuture.onmicrosoft.com,Client Nova,Scrum Master,planner.contributor,"Agile,Scrum,Kanban,Stakeholder Management"
u258,Ngô Văn Trang,trang.ngovan@setafuture.onmicrosoft.com,SETA Internal,Product Owner,planner.contributor,"Stakeholder Management,Agile,Product Roadmap,Scrum,Estimation"
u259,Hoàng Hữu Dũng,dung.hoanghuu@setafuture.onmicrosoft.com,Client Helios,Product Owner,planner.contributor,"Scrum,Stakeholder Management,Estimation,Product Roadmap"
u260,Đỗ Ngọc Mai,mai.dongoc@setafuture.onmicrosoft.com,SETA Internal,Product Owner,planner.contributor,"Stakeholder Management,Scrum,Product Roadmap,Estimation,Agile"
u261,Nguyễn Quốc Lan,lan.nguyenquoc@setafuture.onmicrosoft.com,SETA Internal,Business Analyst,planner.contributor,"Risk Management,Agile,Product Roadmap,Stakeholder Management"
u262,Mai Văn Hải,hai.maivan@setafuture.onmicrosoft.com,,Business Analyst,planner.contributor,"Stakeholder Management,JIRA,Risk Management,Product Roadmap,Agile"
u263,Trương Thị Đức,duc.truongthi@setafuture.onmicrosoft.com,Client Helios,Business Analyst,planner.contributor,"Agile,Risk Management,Stakeholder Management,Product Roadmap,JIRA"
u264,Đỗ Quốc Bình,binh.doquoc@setafuture.onmicrosoft.com,,Business Analyst,planner.contributor,"Risk Management,Product Roadmap,Stakeholder Management,JIRA,Agile"
u265,Ngô Thị Châu,chau.ngothi3@setafuture.onmicrosoft.com,Client Atlas,Business Analyst,planner.contributor,"Product Roadmap,Risk Management,JIRA,Agile,Stakeholder Management"
u266,Tô Văn Quân,quan.tovan3@setafuture.onmicrosoft.com,R&D,Business Analyst,planner.contributor,"Agile,Risk Management,Stakeholder Management,JIRA"
u267,Vũ Văn Bảo,bao.vuvan@setafuture.onmicrosoft.com,,PMO Lead,planner.viewer,"Portfolio Management,Stakeholder Management,KPI,Resource Planning,Governance"
u268,Trần Trung Giang,giang.trantrung@setafuture.onmicrosoft.com,Client Atlas,PMO Analyst,planner.viewer,"Portfolio Management,KPI,JIRA,Resource Planning"
u269,Hồ Đình Mai,mai.hodinh@setafuture.onmicrosoft.com,Client Beta,PMO Analyst,planner.viewer,"KPI,JIRA,Portfolio Management,Resource Planning"
u270,Mai Trung Chi,chi.maitrung@setafuture.onmicrosoft.com,,UI/UX Designer,planner.contributor,"User Research,Figma,Wireframing,Prototyping"
u271,Đỗ Đình Hồng,hong.dodinh@setafuture.onmicrosoft.com,R&D,UI/UX Designer,planner.contributor,"User Research,Prototyping,Figma,Wireframing,Django"
u272,Đỗ Quốc Châu,chau.doquoc@setafuture.onmicrosoft.com,Client Nova,UI/UX Designer,planner.contributor,"Prototyping,User Research,Figma,Wireframing"
u273,Hồ Văn Hồng,hong.hovan@setafuture.onmicrosoft.com,Client Nova,UI/UX Designer,planner.contributor,"Figma,User Research,Prototyping,Wireframing"
u274,Đặng Ngọc An,an.dangngoc@setafuture.onmicrosoft.com,Client Nova,UI/UX Designer,planner.contributor,"Wireframing,Figma,Prototyping,User Research"
u275,Trương Trung Huy,huy.truongtrung@setafuture.onmicrosoft.com,Client Beta,Senior UI/UX Designer,planner.contributor,"Accessibility,Figma,Prototyping,Sketch,Wireframing,User Research,Design Systems"
u276,Đoàn Đình Lan,lan.doandinh@setafuture.onmicrosoft.com,Client Atlas,Senior UI/UX Designer,planner.contributor,"User Research,Figma,Accessibility,Wireframing,Prototyping,Design Systems"
u277,Trương Hoàng Hồng,hong.truonghoang@setafuture.onmicrosoft.com,,Design Lead,planner.contributor,"Accessibility,Design Systems,User Research,Figma"
u278,Trần Quốc Trang,trang.tranquoc@setafuture.onmicrosoft.com,Client Beta,HR Manager,planner.viewer,"Labor Law VN,Employee Engagement,Stakeholder Management,Performance Reviews"
u279,Hồ Hoàng Linh,linh.hohoang2@setafuture.onmicrosoft.com,SETA Internal,HR Generalist,planner.viewer,"HRIS,Labor Law VN,Employee Engagement,Onboarding"
u280,Lý Hữu Yến,yen.lyhuu@setafuture.onmicrosoft.com,Client Nova,HR Generalist,planner.viewer,"Employee Engagement,Onboarding,Labor Law VN,HRIS"
u281,Cao Thị Mai,mai.caothi@setafuture.onmicrosoft.com,R&D,HR Generalist,planner.viewer,"Labor Law VN,Employee Engagement,HRIS,Onboarding"
u282,Dương Ngọc Châu,chau.duongngoc@setafuture.onmicrosoft.com,Client Atlas,HR Business Partner,planner.viewer,"Compensation,Employee Engagement,Stakeholder Management,Performance Reviews,Android"
u283,Hồ Thị Tuấn,tuan.hothi@setafuture.onmicrosoft.com,SETA Internal,Talent Acquisition,planner.viewer,"Technical Recruiting,LinkedIn Recruiter,Onboarding,Town Hall Facilitation"
u284,Vũ Văn Anh,anh.vuvan@setafuture.onmicrosoft.com,,Talent Acquisition,planner.viewer,"Technical Recruiting,Onboarding,LinkedIn Recruiter,JavaScript,OWASP"
u285,Hoàng Đình Thảo,thao.hoangdinh@setafuture.onmicrosoft.com,Client Atlas,Talent Acquisition,planner.viewer,"Technical Recruiting,LinkedIn Recruiter,Onboarding,Cypress"
u286,Phan Hoàng Hiếu,hieu.phanhoang@setafuture.onmicrosoft.com,Client Helios,IT Support,planner.viewer,"Monitoring,Office Operations,Linux,Feature Engineering"
u287,Đỗ Hữu Lan,lan.dohuu@setafuture.onmicrosoft.com,Client Nova,IT Administrator,planner.viewer,"Monitoring,Security,Office Operations,Linux"
u288,Bùi Thị Trang,trang.buithi@setafuture.onmicrosoft.com,Client Nova,IT Administrator,planner.viewer,"Monitoring,Office Operations,Security,Linux,JavaScript"
u289,Trần Ngọc Huy,huy.tranngoc@setafuture.onmicrosoft.com,Client Atlas,Account Manager,planner.viewer,"Negotiation,CRM,Account Management,Stakeholder Management,ML"
u290,Đoàn Ngọc Hùng,hung.doanngoc@setafuture.onmicrosoft.com,Client Beta,Account Manager,planner.viewer,"Stakeholder Management,CRM,Account Management,Negotiation"
u291,Đặng Đình Đức,duc.dangdinh@setafuture.onmicrosoft.com,,Account Manager,planner.viewer,
u292,Lý Văn Minh,minh.lyvan@setafuture.onmicrosoft.com,Client Nova,Account Manager,planner.viewer,
u293,Lý Trung Mai,mai.lytrung@setafuture.onmicrosoft.com,Client Nova,Sales Manager,planner.viewer,"CRM,Negotiation,Stakeholder Management,Leadership"
u294,Đoàn Văn Yến,yen.doanvan@setafuture.onmicrosoft.com,,Sales Manager,planner.viewer,"B2B Sales,Negotiation,Stakeholder Management,CRM"
u295,Đỗ Đình Hiếu,hieu.dodinh@setafuture.onmicrosoft.com,Client Nova,Marketing Specialist,planner.viewer,"CRM,Content Marketing,SEO,Governance,Onboarding"
u296,Tô Trung An,an.totrung@setafuture.onmicrosoft.com,R&D,Finance / Accountant,planner.viewer,"Budgeting,Accounting,Financial Reporting,CloudFront,Redis"
u297,Nguyễn Đình Sơn,son.nguyendinh@setafuture.onmicrosoft.com,Client Helios,Finance / Accountant,planner.viewer,"Accounting,Budgeting,Financial Reporting,Docker"
u298,Trần Trung Trang,trang.trantrung@setafuture.onmicrosoft.com,Client Atlas,Operations Manager,planner.viewer,"Office Operations,Risk Management,Stakeholder Management,Leadership"
u299,Phạm Hoàng Mai,mai.phamhoang@setafuture.onmicrosoft.com,Client Helios,Office Administrator,planner.viewer,"Office Operations,Stakeholder Management,HRIS,Nginx,Threat Modeling"
u300,Trần Trung Giang,giang.trantrung2@setafuture.onmicrosoft.com,,IC Executive,planner.viewer,"Employee Engagement,Internal Communications,Town Hall Facilitation,Data Engineering"
u301,Dương Hữu Yến,yen.duonghuu@setafuture.onmicrosoft.com,Client Atlas,IC Executive,planner.viewer,"Internal Communications,Employee Engagement,Town Hall Facilitation,OpenAI SDK,Spark"
